{"CTnk6JMXN5i2EArPBubNfL76xrZXfSdmq8WXCyccpump": 1784539220.4286056, "97AT7VzHTUYmGgYsKDx76fzNgibCy5keRoftBosKpump": 1784541916.5949976, "FHWaa7ydZccqyBsuWtRXu4KhapD7i23DJr5H1Aqspump": 1784545229.2685866, "3Jedz4ehTPezAfNerUL3PcvgGo6A1yCEyx1nCXxopump": 1784545825.9944868, "9P2mzHuZAwvL32Z1C6KMjwvpkbjkh2Bd3CWbAurepump": 1784546718.628369, "DnKyYTMknehLyYKe2QQPyE9sWZSvXpemjc38A8Npump": 1784547024.9495203, "36NPw4AbPH8SAyov9SSxX2dLpLuskopc4QtA2gyRpump": 1784548516.6823306}