{"6YrNwYwsaZ1BqYgLgB5k67oFe4s7h8s7pfiDZ8rYpump": 1784073316.5667558, "AQDiV5brA4C8r7vHNGjoXv3QjRmLzjPSB9Hg5piVpump": 1784073650.8924255, "BGfwT1DqdZetx3AaWFggdgpTXvTatvUxAua8wFdvJ72d": 1784076644.1239839, "5HdD28MsvWfT5PiCGwBAcvbJiM7vUPRAuu2P2E1Rpump": 1784077841.0799239, "44VfxpaEZrJPFTcG6Tf64Wdi9BkvK4R4EWUWA2Vvpump": 1784081119.5299969, "FiyJKeXohy6aStThd8yndteqpNNeT34KJNXFhmvYpump": 1784082043.8481605, "CLrsRz21tZtHe7hkt34d8zC9t6gwLziw9SdMM6o1pump": 1784085920.4273286}