{"9vJXuTkLk6weGvt7EfEui2fgGa8f4ZfpBScVV11Bpump": 1783123240.9791646, "6qPhG9X1YUWHekKro42H6nZLRNRU5HMbnAXSgNqepump": 1783126234.9241638, "DYpHuMiNHrfAaWKj5Y3iQL8ydZ9oJy2ANCH4c7DApump": 1783127717.9818952, "BUkEFLzmyrhA8wtwG9Xk2VBxsvQx5H49ovahrV1Ppump": 1783128641.7940595, "3cH1aqzTqNuEZpDVgJ7MvQbKJWZrqkmYyRwbvS5hpump": 1783128917.7124455, "FZQJUoWEMRCNTnWj2aAizsFrYL6JUJFBy9zaJex3pump": 1783132516.4067602, "J9xS5vH4W9WnxtbJD4AshJsmHLniPFDq8vXa556apump": 1783136117.4457815}