{"5jvJtp5Vzi1x2NiGE2RpQFp2p4oQyNFUXFHDv7UVpump": 1784720717.6357276, "3FX6GmKUs9w4oCzGFicTEskcByHpC54ykM4NVV7npump": 1784730923.2166412, "3FiN2FHTKheZUE7njYhsZob1rUoURHK3QTfRpWNFpump": 1784731522.5484407, "EZ8Sp3zx8RPswHNYnykFG7V3uLqpua5d89qpVD3edoge": 1784734524.6239583}