{"4V7i9saXhwqzsdvPoUmcbW6vKcyCQB89fyMf9Krnpump": 1782503718.6027896, "DW8bK9iXxgQJK6xSipx25pxiPoFxFkCimS3oPbVUpump": 1782506425.6208365, "2evSSArDSUdhsvq8HQWhGDKaHtieLoH773RH9USwpump": 1782510318.237548, "Ef5Z5TbTgLCjgLGr3HGPkE1PA5JTn5YwgTjmxUoxpump": 1782511516.504061, "EGsxZTFFm3DyP76jnEdi8jqyzt9tvTyUpuWFPguGpump": 1782513920.3350728}