{"HEokmdJyUprjSMZ9PcioMYzrKzLtrhiSyxyAMJwfpump": 1781313916.6550508, "CeL9aMU8Dm7hAu8KRJxPkoq1JLvLzviWbNDwkUDbpump": 1781315719.224431, "AqnguHZGd84foavArWPuUy3y4SFmBLS5McaMDS14pump": 1781324117.9424179, "tb4yD6JAr2yMsAQetLf8nYoAHCKfDC68h7mRnxApump": 1781325326.8286376}