{"8bs7WmmrBTJLFVEreCwYA7QhuYMMaAgJcTEMFDiGpump": 1783537848.092061, "7FxskNY3K5t3uoedZ99D47iDnn9Z1p33d736FaWxpump": 1783540519.000826, "CHaKvkaRyt49GnnS6bXs6oBRLDMQ3XwkYsmueawz9vSY": 1783542916.4281201, "4gqUH4qMtkZTjeenrtVmcQXKEYg9aBUC8j2kQao2pump": 1783545042.6255016, "J6GCsmzk22awCaobsqnRtZXsBPabjPkcqPJgUrNNpump": 1783548058.5336206, "9firESEtMrb4hqFxtb7xCAXp4jAuoW8mz5MZwjJ2pump": 1783548647.9829671, "5whR534GcEEmrVPedDPZgWLXKQX3shhHMcdZ1FXCAMzi": 1783550443.192043}