{"HMX8oxVFtpxz92NeoSifkQrJATwEpKQMDjVBbrmppump": 1783252848.236247, "8YSCzrF5B36quS8feRqQeNQcDJheBVstCh3AaTq9pump": 1783254036.7936451, "8wQydVUD4MuZG5KCgMmSWDBbjeujwA2ak6es2Yxapump": 1783257037.7274406, "Dur39Hv43Uw4HU9Zr4RUB7mH6kqmYdPpZfENup6Xpump": 1783259717.854012, "7EDeikyia9id2EVC6CL8oLcMrYYoZtfFXbRmo6DQpump": 1783260920.4075623, "71HtXHfexjKgem92Y5sPLPb6qkmtqWmPUzdKAcU9pump": 1783261516.71892, "5C4fgF5v1BvaH1EkcwDRpYGGxPtpAbztjs9gJ1Gcpump": 1783263319.465006, "7UYN6eqSZMRCuWtAsJDWPWkKoJ5zLViLbBh7HRCLEwQX": 1783265116.6383774, "zPcCFiLKYyRhm9oN9ZnvnQ9MiLf4q3Jqw39nreApump": 1783265718.560449, "B7VM2osvDkXupTqR4GwHQcnn62496tJd9i5g1THBpump": 1783266637.0924013, "H1ohgrouxAGCMwWya1j7Ewur5M2pGkQtZ791icbtpump": 1783266637.0924082}