{"BY4DrkyPb6NXasv268gRX81KMxpnkdsAPnzLgXXMpump": 1782254118.7152336, "DXTx11pPfG6igpuGZQjbU8t91bSPm93bbijmiBZupump": 1782263422.855676, "AfvfUbGb4psAqd78RwQ27moAcTCi3wsyWkwAvLocpump": 1782263723.084924}