{"FX4GtNGSheFrbSfUoehxX46YNbA2TdERsx3Ro4ympump": 1781380222.6825576, "2bk1sBqMQKft8Y4YbxBk7TxVHpgZRm7doRQ7UggPpump": 1781381124.2868068, "6oxBN1fAeLLLU3s57jEUagtXWmhosJbiJzuuA1Txpump": 1781385927.240728, "3eN8Zjs3dEY9k3DArtzgvb7QR9CeexxR75LPRo6tpump": 1781386224.708777, "AQnQEnGQZJu2JXZwC5USzQ6YUuXCUSk7KbaX5PAepump": 1781389228.0011816, "Bp2hJ73rGDHUb92XTQEj5vsDRJqoKNMc3PKfo4QQpump": 1781391022.1384182}