{"J6t49YdUE1T6QE7yRpqK1WxRzKd3LJyJyuqTr9Jbpump": 1781335520.3845623, "6Fnnq2bRqzRkodesB4edt8EY3Vmx3rDay4PA5Caspump": 1781341829.1362739, "FTsxSayCXp9qtVXW9qpMSx5Dw1UrzwYF2E8ET4gQpump": 1781343033.0454395}