{"62JqJe9a5Ly6DeCQnKsTuLk4RHp9V5iaUA8ykmvnpump": 1781410821.1940732, "HvBBPNYDgumNsdCJJSjqVC6VYDPpwrHsPsurUxmrpump": 1781411423.9349349, "BsrZnHHz17nQPHhab7vY7RhAzUBb6fnQZxwQr1hBpump": 1781413230.1999385, "4Aq2VduAHxMCHyb24uUKieXueanriRBz83xxqoxopump": 1781418020.6347663, "8k2RVnWgqhdiU3pHX6WTqtp71Uq7rvuV1ygpM7vrpump": 1781420436.3352048, "4Rxa43qXYHChzMTvdfXvzt76Po7qWe7afGKQwbk4pump": 1781424320.4934263}