{"3AfSqjksWQK7qj8puoAma9xybTzFUXGzDRkFbyRKpump": 1783799120.4669995, "FBrodBgyCXWzCWLCg8dQZDuoHiS5kthvU26CMj38pump": 1783799715.3786979, "87eGzAd8HBwRwVZnk8meqo5kDEMB5B9SQ54v5VMupump": 1783804520.8295712, "EmJamPBbvAH931LffK1rAA2HkC45ndZJMAbdKFospump": 1783804842.613618, "6UnDbjZaimbcf6RGzb3GgdjMAnPTQJvEH4LKd4hNpump": 1783807518.6241355, "CR9jFW7ZjFUvNLRXB1Ku3BovcR5462cYyUC1Mq3tpump": 1783811439.9782064, "DRXezsnuMdi2LPzXoZmBTJ1f6uuQnkwQbEAoG7Fbpump": 1783812647.3466656, "FrtbBAaSZksfh4oV46E7Pvb43QiiUmYLD3dcGS6gpump": 1783812919.6357698}