{"6mv4DwUGH2EDaoawxagP9P25QWbsfwmxiFDt99rRpump": 1782748225.0132225, "2NsN1aS6LYzuoSFSDFq7CekcSyKSyA3qYoKngNWepump": 1782758721.9424996}