{"BRUNa9ZehuwjQoMYDU9rfrVEuZhtKLkeVE3E24Jspump": 1782571821.2951133, "7PzEfAdTeqEGnfwmRierNxEACB2Su7KB3wmrzoCfpump": 1782572430.2856815, "8a5bnY4jQEf4VbTttZW18bMW4aR2YgHghPRH3o8Mpump": 1782579628.0403564, "AMUoCfq53sNX8PDAQsNqH5ctUZTSSEpA4hajrNXUSrd": 1782585317.0069573}