{"TzyyGEL7R5r2QrUzx8txqyWscvhnKKNqffYoYjNpump": 1781892921.473832, "32sVv8B8TXtjquXbMoN2M9AawVkrbathGFqGxC5mpump": 1781894419.6474962, "BmNASdTTgXc1AhvMqFiPBKp3kwrPeHchn7LbbWeSpump": 1781895625.6230597, "9G4Z9wkL851RZfMFHQETQ6v5GSNqkUTXC5oBtUXcXw1W": 1781895625.6230652, "5GF4wYym8VztQ4GHXnMu5YK9zerqLqgWWWvR8NZLpump": 1781896223.7889805, "9kwT8gUEMKQhnmc4mVb2iUAybfjzvVMM5LwffKFcpump": 1781899226.5126066, "2keNddbkCXnp6AraFLuC5RwLjWRQSQZrCiy22gd7pump": 1781903118.875299}