{"8M8ykoAbwcK3RkVTB2Q2Q8dbZabMTjYPpYVxWykMpump": 1782929231.490135, "CqiwNniAsyjKHcX3dgEkjpYYiPt7u4G54syoUU8Km4z4": 1782936040.4761953}