{"D9kXwEsYFL1ReZzJVE2w9Dy4KNa9CLLvigA16KS8pump": 1782641117.159729, "HbRpHGekMEE8eMpbNsM4GYS2FNMybGpUQGXR92axpump": 1782642320.1016185, "2esAcZE7Z3u2pa1vRsfLvMsPf2mXXCfMAgti4Ptzpump": 1782653718.8953645}