{"3nuRVLGJQ8jroQG4WSpnZFMCyoR2DXzT38bMQZVDpump": 1783377047.1334887, "8jayQDfRc3GYxftBJ2VAwjqmRBdYPC9KnjY15rc9pump": 1783377475.6925328, "38ov9f633i3usgopDfDxUtTJU5VC6B7v7xncuevfpump": 1783380319.118489, "6pyY6QAr4xgXmCVyrWMq6amXaLFsSz1qdPzZucqQpump": 1783381245.3376343, "93DB6Wsm1QjxXLXm9eEtTkUCpkYD69XbfgHoZBSpump": 1783381526.6296942, "8WriveNmX31t2imzbK6fH974p4VFkddsgzfydZAJpump": 1783382451.3437023, "HBibqRqqzAbnvZ4ogkcma6nzaoNWgpEimajVjHA3pump": 1783382718.189578, "3oCAAqNwRfkUJAMgJfoVZtDpaD8PbPhQXsZYyabUpump": 1783384249.0715437, "9Pfync3ejPC9eHqVzq3nYQJAhyhjqpnB9UsaSfLxpump": 1783384841.7145298, "2oP8W7HL2WxE4hjPhki1QtrV62oHtZbJvVhKzpH3pump": 1783385120.570687, "GwFfMp7pfjVML5dxYPu9YJ3knG7ywrZWJjfNuVx2pump": 1783387243.791778, "BViqYz8zfBgbPBR5eE9B5jZsTPn346GkE1Boirx8pump": 1783390521.3492527}