{"zoyjnKBGyujR13aBfXoz96g5NxH946n47fJuk3Cpump": 1783140922.0235283, "BXEk2tf9DfrdS7heWNNa9GyaQwf5QiLp4uxrwHUNpump": 1783142437.7046638, "3ybbPuf8HJsMG85WaQweh7rr6BhqHNxtKXCQzk1wpump": 1783144516.3211513, "4FShiHWSm7jmKrGoVcf1X4jtGThppLuwYED6DtCzBAGS": 1783149643.6015553, "AqWoVsb3jPksi3DEaTrMHBzfGct25nWnqhntDf9vpump": 1783149643.6015627, "5EXrWoTBTieawNY4wNweiV7V7tV7aGscJcmys7NKpump": 1783152319.2257543}