{"AvxFBjWydMYWD7C8pHzSkGxNYAFWr7aNBbAKm84bpump": 1781733924.4809618, "7u1KL6tSGHCmvjq1Cgo4XUnHhEnUPPVRXUd4b2p9pump": 1781733924.4809675, "AhVk15JiZtUuWEsGpSBhm2nyPWuNjn3o6NtqVDqsBAGS": 1781741721.393556, "CRtJcETFwVeh3ufQyXd42YGdwwJ1xQoJBBeTmYCrpump": 1781747122.0735767}