{"8KbNxX1378WoAQK4hzr9uXdgxD2UDMt9WQbaPR14pump": 1783453844.0733895, "CUB9xv5qxBbFbZ2Q7XGieijQrgAZdDRyk7ifpcawpump": 1783454119.0206726, "8BUfajjEqAJnyBTCDQSL4hb5rrAtbMgGLR49yaSbonk": 1783456842.477889, "2rk3wDTdHiPy8GV4UqxMhaVJmXdPTPN9qn6a9FQDpump": 1783457718.6330528, "6NwarBvDkXhByqVp2Qkq5i9XbtA2B3Bwe8SWGu9vpump": 1783462523.2930095, "5MeesVjRfJ3nnkESNFjT6y4RyzvN7NX5Qf3mihSUpump": 1783467918.445246}