{"HChHr1hsfMHT11RbcpQGcMqaE7YTQLqBKkUYEBpopump": 1782063619.689948, "4fPV1ipmB2LsZP3N8XDkrpoiPDCRXzSpmFNkkp2Hpump": 1782070226.0275679, "EBjg3JWXcLZ1U5zxMCoRppeuZZQXXQziniFLLSmfpump": 1782070519.4471724}