{"BR5SWd2Z5qMiGpnygrymjEfzJGCgx12mTeQG9TFCpump": 1783109117.8505313, "DUMxPmixat293qfotjk9HyjtV2pwPbkYNy8U2VYkpump": 1783110641.3193386, "iWgJCqNEto7KtkK2n2zuvixe1k5k4r26Zfg3Mkopump": 1783114239.4152148, "AsCCY8efwiy8T9R6ba9BaDUAQYwwSWrVzyvnY72kpump": 1783115717.1217768, "GLXY8gbh8S63RJvvdf98vkuf26SQhNcJNq9MaHBhpump": 1783120843.1689243, "9vJXuTkLk6weGvt7EfEui2fgGa8f4ZfpBScVV11Bpump": 1783123240.9791646}