{"5VMbcRosto1RT6GZHRucUZEM26XEoTYcmoSbNhq3pump": 1783874116.162651, "ywTphoB8HuoTsJ2borfkN2p33yqNdtkofAWiJmTpump": 1783875048.1656802, "9XDXsg3QQCGrwjjN4uJb9amCwE93bb3Ngx5xQwP7pump": 1783877448.3429658, "7mki412wXATW1T3m9YVw6Msxu1JcJtDuT72Ft4Qfpump": 1783881317.0246794, "BdYp6CydDQay84P92McAnCixReToms65kuvoAre9pump": 1783881642.4571931, "7j6X8M1NGydeQAVwtH2VpJ75iAYw7PTmZFhnBLDPpump": 1783883720.067027, "6wtZueu89AGwQkGUki3HcerjCDFxLA9PyVUBWQbMpump": 1783885843.0295446, "GwZvGvVzjWTL1mvpw55KQWztTQvWo3B6ew16N2aspump": 1783886718.911936, "HFtawr9z2sDL594SB5NN466ekZ13rUuwDjykTPmrpump": 1783888516.0500045}