{"FzNgpR11RYACasA8ptFniXQKcLw26CmBWdyNEAU1pump": 1784283321.668699, "4rLx5rzCp4Bb8Zvz9pQECPzPTKdJQ9p8arKMTh22pump": 1784283321.668706, "6dMydAmqtLsMtn9WZQW7stGqs4VkZ79pFPP1vbnApump": 1784288722.7052875, "8TQAPEgP8jcWPeLTiQhFCFtPYwKhpjRvTngoPAmjpump": 1784289028.9972527, "A7WLqws5kE4kau2nLkc6ehXfiARBRnTssuUyMa2Fpump": 1784289631.1563423, "3xrF2p1fUhmy1hoeyN8vY1WnBPeBy9WAK8em8mLUpump": 1784295624.905931}