{"BxHrRmzfnKDpstQRzfLa65NkAj4n5aG4XMqBADEBpump": 1784232033.1220384, "KLqsazUTwRWECwqJzjMh7ZSYD8rG4voNsESPJCupump": 1784240717.8768215}