{"AQnQEnGQZJu2JXZwC5USzQ6YUuXCUSk7KbaX5PAepump": 1781389228.0011816, "Bp2hJ73rGDHUb92XTQEj5vsDRJqoKNMc3PKfo4QQpump": 1781391022.1384182, "DLFqR2jcojXVeVCTWvCXJTcYKxKgoWPdqiw2Nw43pump": 1781392519.0245674, "6Ct7aq3E9U8Y3na69sYH8XxwyzV9L8Umk64DCge1pump": 1781396718.8126743, "FBKbAPporDMvvmV463PF89xhH55Gs6uVc9FPJGcbpump": 1781400320.116303, "8QZJYXVU2SUi3qesyGrHyTj21JSrs5xpLReTC1CLpump": 1781402717.0950665, "B7a9wpdcdSt44Y9iHqrMYo9yuntqtEV25irTS5YRpump": 1781403622.0076327}