{"FrtbBAaSZksfh4oV46E7Pvb43QiiUmYLD3dcGS6gpump": 1783697721.1183147, "DXBfgTuGuYxpWM69NQ1eJjDseQnRUSt6esVnc7eXpump": 1783697721.1183207, "7Hn6wAEgdjiz1Ca9eebxJo2G91uBKCmLkdShfnZupump": 1783699247.6850345, "G6k4tuNCWh4AkNGVnUbqDrJoce4AdrQmJTRZWUnhpump": 1783704916.671889, "5AnNdhBHYepvmbLdz7Y1YXd1pW9n7wkrD2CHcZmMpump": 1783709124.277417}