{"CcidHkY7BTwNoWNEr3sjA6tfYoNXumrkSajcpaUKpump": 1781653226.1212308, "FJVis6jGFFiizZ1NSyNdKYHSTnqUWHmM5P3nyco5pump": 1781654718.3063698, "3q6AA6e5QvxSXZ3sA4kSmZk9phq8M3vxrB9zf5d1pump": 1781659520.1509428, "yMJPZbnhoHib3ib8n8PfiVcp9yauk1vnaGKLx7epump": 1781660725.9270785, "9cRCn9rGT8V2imeM2BaKs13yhMEais3ruM3rPvTGpump": 1781661626.2411973, "F6Y5szPJfJhgWw7hf8mV7GCStkr5Ujwy2XnBrMo6pump": 1781661918.432082}