{"6wBj1aMxxhxc9wTpfxWKw6AACR4LP3wkaXHPtDpzpump": 1784187923.3884735, "2WG2adv7FdJLRSBjnq2WKiuM82sJMiwwrcJH7h2bpump": 1784190048.6386626, "3LZL5cXac86U1ti81V8GEA1qoj3HenLfnJMcQo7opump": 1784200244.9604766}