{"4gqUH4qMtkZTjeenrtVmcQXKEYg9aBUC8j2kQao2pump": 1783477848.6544113, "8TvswYoT1CuvbqwFGqb5W69NZZDG2dP4J31koaWSpump": 1783480241.1035318, "77x1fCskDLaiZmm2uZKEhARSCD2B86VaahTkK2Vfpump": 1783486849.3847616, "35zP1UMDVG89BZBk8kg771Cfj7h9WzbYVwdgZmVwpump": 1783491646.76841}