{"HPtvwF828pcv9SLGyAoWiBcZdmbR8hg5JMbFg1Sjpump": 1782886520.1496103, "3i3w96ZFcXmbB9bLJ4WMj1U7F6RKAvXaPJfgKZy6pump": 1782887435.6540213, "CCWvacbHWLfNuvNYjA3VsTtGNPqti6JBjLK9rYwSpump": 1782888916.8316352, "591UdL6WMaEMEf641uJUwUTq1utX6zhBrjaiTqVCpump": 1782889519.5645883, "HGTowAaA4meERnFbvECMUKri1xsPnAJMgMppy8wgpump": 1782891033.8917725, "7qsnaTDLVU5yPLvjQCfNmWyFydXkC7hGiAwgKMR5o92k": 1782892519.6979332, "51xtAhpY7QAULARF8dAs33r7xX95Ja6WFwaVEULKpump": 1782892834.7150848}