{"F25zq8u4TbtaQxq3i1qtcndUmFaLCAAYtoraKSwYpump": 1781999120.5932043, "FPba1s2xs8M2nr7Sx71iPGDYyzt3uUV2bkFwqLrEpump": 1781999716.8637953, "BGF9G8bLX3pgqxdStyopZ1uDHou9akgsVRycithwpump": 1782001518.4717636, "7DoxSStHwaazCMPaNw2uNt7X7uUj8Bvzn2vBYccce1A1": 1782003018.6298635, "EwswnwrzzhFq5wpWMUu7rHhDm8WxpytC3Goim1Jbpump": 1782006916.4200683, "Cm16NYmaASHZL6tKJKvUXAYn3hz8FKuHXgG2RCqcdWMd": 1782008425.0983403, "5gHrDWNnAH7jQmmPEG2qaTozwL9JQ6VCfyWecwZEpump": 1782009922.214602}