{"Bsd9kPRkEnCSeBSTyo6uF3Sq1QjXvtm6CwS46QeMpump": 1783530318.9281373, "9aeFsVq9PU4zSHNeivx686wcMUocTCwMEJJxFKJ9pump": 1783532719.4625843}