{"HnkB6cP2fEZE6KwdHwLEdEEDT8J5kUGPL1wFRqd4pump": 1783645247.1185813, "D1yEVsEmSxe9GHuMJJqmNswoQPzBC8hRp7C99ZQEpump": 1783654247.666917, "G7iP9CR4fmCxUpoe3oAQgz2NQErwEFrjZMLZq8Czpump": 1783655118.5150318, "5EtBUjDACK4Dfuechvxz8tVWx9EtQapbVvJr4rSApump": 1783656639.4108305}