{"2nes9dPbTWMssKdmoNToZraHnavAnN6rPq2FBHcCpump": 1782389312.428828, "53iWWxcn7aXdqveJZA7uxWV6kGBLWrCU9PdZ1NAtpump": 1782390627.5598211, "B6MjCPXvFL2YN9UFdVEforzi7ZvqdXNb3Eetr9gypump": 1782395724.6451588, "7LjyeatcfwWRDVMmix9Hu6frMimikRnJyQKCxWcjvAyP": 1782399927.730473, "58fGUikmrBkzPm4ez2RQwvvJWLQDhw4HoSm4Rr2Zpump": 1782401118.3196254, "86CQ5gYV7tJSD2EEAyGtPhes2Z9iit5jhiEtYEr8pump": 1782401719.38555}