{"CH2amwcGDKTDcNy29nk5dhykPtB1Ls2nNqrMm4LHpump": 1782873032.5329866, "9X7psfSCxDGHRhTuRHuw9ZApPHt8y146FdfMXu48pump": 1782873631.7128296, "3cqKLiB6bFoUyUdmM7zmBu7goRu77y9a7VqicQDNpump": 1782876631.3991227, "EGRw7xKkT1r99X8nT8JCZsGLtw6MzAqWivEkUPXJpump": 1782878116.028807, "HPtvwF828pcv9SLGyAoWiBcZdmbR8hg5JMbFg1Sjpump": 1782886520.1496103}