{"EBrsfGrqd2wPhWhNpgcTsnJAyft6RTVpYzffJ4Q7pump": 1782819917.5605853, "A1mcjzsXNT5nvFsYwyQFqbv9KmxogDT3S65qCYP5pump": 1782822033.4879997, "3JHgosXW8pm1JsraMvtFhaxYjfaqowFPibM74WZypump": 1782823228.750827, "9qX3bFvow9Wre9oYpUavY99obBqihwj9jGjE7q91pump": 1782825032.1233187}