{"65ziy4F2P4rKAA6Tg88S2tXMBsa4SMB1b3JtmbQypump": 1782630318.4179513, "2hci7YELD2n8JREvP3LXbPJSx1rJnDb9fBZyP6iUpump": 1782632117.256822, "D9kXwEsYFL1ReZzJVE2w9Dy4KNa9CLLvigA16KS8pump": 1782641117.159729, "HbRpHGekMEE8eMpbNsM4GYS2FNMybGpUQGXR92axpump": 1782642320.1016185}