{"DkHgtvturqvvjBaBUVZdXXA1uBTMMhErcs9Urb6RhmGU": 1781761520.0083916, "2Bt8iWBew1uBfVs8tP8rBiJaWHoiYLieLwXFmQFHpump": 1781767826.559859}