{"9XDXsg3QQCGrwjjN4uJb9amCwE93bb3Ngx5xQwP7pump": 1783892442.556057, "7mki412wXATW1T3m9YVw6Msxu1JcJtDuT72Ft4Qfpump": 1783881317.0246794, "BdYp6CydDQay84P92McAnCixReToms65kuvoAre9pump": 1783881642.4571931, "7j6X8M1NGydeQAVwtH2VpJ75iAYw7PTmZFhnBLDPpump": 1783883720.067027, "6wtZueu89AGwQkGUki3HcerjCDFxLA9PyVUBWQbMpump": 1783885843.0295446, "GwZvGvVzjWTL1mvpw55KQWztTQvWo3B6ew16N2aspump": 1783886718.911936, "HFtawr9z2sDL594SB5NN466ekZ13rUuwDjykTPmrpump": 1783888516.0500045, "GWNYjjSPsE6PthXjc61JQrTcjfNerSrRzBakeinqpump": 1783890052.2203987}