{"2XbFxW8TsR1guXbryXdHX5UEbBQexPeX95ouFvtzpump": 1782605118.4403882, "7N3RPJC7ZxXyEnVyx8i83dcKb9QjMjV34cH2VKjypump": 1782610520.1543608, "CQQdwAGCppniLrtFpJWBxYVMCKTSffwN3bDi2fKApump": 1782611120.533992, "9cRCn9rGT8V2imeM2BaKs13yhMEais3ruM3rPvTGpump": 1782615019.25259, "FWHC6wXLNVx9B79H7QtPTpxJge9DoDeQLVX4BbhXpump": 1782617720.3241622}