{"9wcMGj2PsfJZb566p8LcN2FWCa7zdDWbqUfd2jB8pump": 1782295517.9850626, "AWHGsFDDocNDzAFdzjRGdiMduwkNsnyKKsuu4cwhpump": 1782299117.3689358, "21Xp1ukfzY6dWFYFRJmp59iCgKDJ61CHMJ8dmG9npump": 1782302120.2826126, "4NborgnPENJYf7U2ENHdmRvzsVftZhWo2Lan8Rv6pump": 1782302432.5884173, "2cmdUtcmWaGB4NUi92SHu1k9vUQB89RYNXh149ZDpump": 1782309024.551627}