{"6ND8GsVrzdKGPm1Z1ETn5MfGCZxQtnqWFbQXKXESpump": 1784829919.5643842, "5pVQnFwVxrpS81bXCPxFfh1LHHbv3AcymbpazZnhpump": 1784832019.2944005, "6NvK4f38eYoCau3WSBFVATQzggLxyoqkxEu8drzEpump": 1784834422.3657975, "AUk4rL7aCKxFit8LVivMLnYo5Basr8N5wqNokKmBpump": 1784839521.2759237, "HzdLSN25vVoPJQkdEV8nipBeVmKwc4RrHKYzCxhGpump": 1784840434.2827635, "3zK5g1qZy2MEhAy3J5JJExUgwfSAp2j4hgqVkh1Zpump": 1784842224.8384895}