{"72T6RQLFc7TVn9EGEyR5iZqPFFpGAiZqov5QkzKypump": 1782377122.4332252, "4SE7Bsby4HRGRsNBoXUFWmisQ61n7WJqBKoAM2TQqVxx": 1782383718.284875, "2nes9dPbTWMssKdmoNToZraHnavAnN6rPq2FBHcCpump": 1782389312.428828, "53iWWxcn7aXdqveJZA7uxWV6kGBLWrCU9PdZ1NAtpump": 1782390627.5598211}