{"9FY7zaa53jAiPaSTUbJGT6aJRtX931isBCSFs7eLpump": 1782162922.5981865, "vjb11E6kpGnxEXYVQ9wfFaTzXajN3rC9kErRLiSpump": 1782164720.9490688, "BoVntqoikh3HMDmHBeh9v1n1f2Eswoj9qEa5EHBdpump": 1782174320.5717442, "3wc945PgYzJfnJWsukptxiL3JsCur6n5sQ172u34pump": 1782175820.419259}