{"3C65gdJAknCK9anyp3thqPt8p1xnTbnynhGk8wM3pump": 1784398218.9357815, "8iuNL36yGtMWoCKinRjG4jkyJhF9MbmiAZDHYC3Rpump": 1784400319.8088176, "GYVHmvi8Xs7CmPQwbS4pE5EXyd9P8ZTx2S4Pn5uspump": 1784401226.983315, "DLz4bLgo72D8QCpVLwJ1QVL7MvFxX2wq3diiW5ESpump": 1784407222.3713114, "GKPMCsCtfRrmQ8jGrrQSNYGJUoLUQWBw41j5Z8dXpump": 1784408719.3894103, "HHAaKxGSYomiwHeH4aPf5Lr9aqRLaYLNqhmrfBDUpump": 1784411120.50288, "9udZf7isX37XgygdgP2uBy5WXBaM3XvcxtGRPCrmpump": 1784411420.509326, "8X8QX36MW7fg2VG6PPNJqUozYcp9BnkJtmn1eZfhpump": 1784411719.3857777}