{"AMUoCfq53sNX8PDAQsNqH5ctUZTSSEpA4hajrNXUSrd": 1782585317.0069573, "3i6JXygrsAedj3be2vJxCRqQXhqXq1bPRAXbXJPrpump": 1782587718.3116817, "EubeKu2fPkbTZ2cr4eqmhrwcRhiuvsueyEJTvRxabonk": 1782590431.5049555, "8yQAo4Sep6Cq3xGmASeU6MfGdB17ZFRd9kjFj35kpump": 1782594322.96216}