{"3cqKLiB6bFoUyUdmM7zmBu7goRu77y9a7VqicQDNpump": 1782876631.3991227, "EGRw7xKkT1r99X8nT8JCZsGLtw6MzAqWivEkUPXJpump": 1782878116.028807, "HPtvwF828pcv9SLGyAoWiBcZdmbR8hg5JMbFg1Sjpump": 1782886520.1496103, "3i3w96ZFcXmbB9bLJ4WMj1U7F6RKAvXaPJfgKZy6pump": 1782887435.6540213, "CCWvacbHWLfNuvNYjA3VsTtGNPqti6JBjLK9rYwSpump": 1782888916.8316352}