{"71p7Riw6WyBJmbS1HgSwLbjpNZfBptsDpcc9h9s4pump": 1781532629.4057047, "AhTVuo95UTjuWRjif7h9ipVZPUneNfxCXfWZwEeFpump": 1781535921.574458, "BXbha4MdYt1XdMZvYWpxCFAitvYg793pZJSLPQjTpump": 1781540132.536831, "7LGUVymedpGu1Xh2eKxRogrMovzLBJqjLxqMark3pump": 1781544026.4687274, "5LuTk9UC6Fv4Ssafmy2JZTBzXyR3DCT3ZHoLnYJcpump": 1781545527.5296242}