{"EhB1sbSiFVw8XYb8NJUcKEJocGsa4KGxxrS3LsvFpump": 1782688225.2081118, "6hvpPdfvo9HdE3qbZVETNwT6KkFL2T3cLAzKevnCpump": 1782690564.9399498, "BGwYnDVe18aj9cozWcKNhiTUwayELULg5rHLGPPdpump": 1782692717.837977, "CuGJf6cfDfMh4UxVgNJ5KFQ6v8Wv3qrqop6cFKsGpump": 1782693024.068104, "FsA7HoGgj5RB6ZExHXhi9dzgahr3Jo6g7TL48zCypump": 1782693024.0681102, "5pdEzWdCksmdNKRsLWnUNAF85BuC4R4TNYRwayQUpump": 1782693319.1473951}