{"14jZTzx1ZMVBeT8eQhoYbQ29U9AZ7P36UWTX9Ehjpump": 1782810038.308337, "BXry4aJ8n8UwzG9VxX21N8j54AMb648Shoh1iTdRpump": 1782810320.9134257, "EBrsfGrqd2wPhWhNpgcTsnJAyft6RTVpYzffJ4Q7pump": 1782819917.5605853, "A1mcjzsXNT5nvFsYwyQFqbv9KmxogDT3S65qCYP5pump": 1782822033.4879997, "3JHgosXW8pm1JsraMvtFhaxYjfaqowFPibM74WZypump": 1782823228.750827}