{"6oxBN1fAeLLLU3s57jEUagtXWmhosJbiJzuuA1Txpump": 1781385927.240728, "3eN8Zjs3dEY9k3DArtzgvb7QR9CeexxR75LPRo6tpump": 1781386224.708777, "AQnQEnGQZJu2JXZwC5USzQ6YUuXCUSk7KbaX5PAepump": 1781389228.0011816, "Bp2hJ73rGDHUb92XTQEj5vsDRJqoKNMc3PKfo4QQpump": 1781391022.1384182, "DLFqR2jcojXVeVCTWvCXJTcYKxKgoWPdqiw2Nw43pump": 1781392519.0245674, "6Ct7aq3E9U8Y3na69sYH8XxwyzV9L8Umk64DCge1pump": 1781396718.8126743, "FBKbAPporDMvvmV463PF89xhH55Gs6uVc9FPJGcbpump": 1781400320.116303}