{"7U74V3oJy4U2V2YmwJEQ1UcoZ5woTXGBvpKKXE4jpump": 1782424514.623907, "D7yxpaFWi4cxHEtXv6kNNJPX1dXJgrMadQrNEzhSpump": 1782428719.223545, "2wGX6NEfUhUGkAeVL59RVeTXrfBbWg3GiJrPBUCfpump": 1782436220.7499852, "9NwCQsVKVtxVXoZfxMwptYzrwhDQcmST87bwJHhKpump": 1782437717.6102903}