{"8TQAPEgP8jcWPeLTiQhFCFtPYwKhpjRvTngoPAmjpump": 1784320826.0738182, "H66JtYQdhdFayyTNYer6KNhhLVdqfopYqqQi57d4pump": 1784322031.3282633, "AXkXDHko4JHe1PHrgRmDG9TxUxNRFfQnY4d562RYpump": 1784322318.8130083, "38KndZkopxr8qnq75sLc7EexoUZPWn1mE8pkV1Cmpump": 1784324429.6830401, "6PkDr62LVXDLajbqi2P4PUkxHy5CQsENx3fNXLN4pump": 1784328318.8683727, "TDvCS4vGZEErVuRfhUenzFnyodveAhEQURzwwQ5pump": 1784328918.8176951, "c5Zye8yFd1AGrSJ2mViYgXWa1kgCdCj5RWhen6tpump": 1784330119.1754196, "GEg3E1dPotfUSxEm6ft1NF8dT211YCibHJRcDtGwpump": 1784330719.0921197}