{"5kuTkFHSha6Dc4po34fhHVYfUf9XzqFSGxRN41rmpump": 1781877021.6241658, "Hepc74vYP9HUBJ25yFJe63XEMxx9TpWAzChzxUe4pump": 1781877921.803791, "ERNxcKwUyvhNrMs5xxVTyhd1yzg2CTft4X95ZRb3pump": 1781881825.173914, "GTmVdzJ8wLmq8Fw9Mo9rtccKQExnjMxnyxgJTDZDpump": 1781882721.924308, "8oGoTGPstdxKqe7EHUsboWbz4rbkaPG4FFX38CKbpump": 1781888429.3233058}