{"6mUXxdGMtxKDSw6zXiarQ5mgP3UC1LBzu9LjgXhFpump": 1783208438.4675474, "7M8trrnDqCZpVZCfRbsbTGaxpWxqkT1F68kXaR3ypump": 1783209917.8010874, "ARYpA2N8EqG2i7W9vwwwiLbw4Cwhy8Y1WAyjAc9spump": 1783211115.9824421, "D2Wj8qYZX63nag41WxznjYAqznTwQRFeb5gpFzmppump": 1783213246.0875428, "4aAHXoQLCUGGVDUBPsxpNf6G61BVrHhhbFYJGRrDpump": 1783213246.087553, "AbxukWv3fsSiiujfVuHi7gkvB8fcpupbkbm2YEBQpump": 1783219237.7377222}