{"GxSCeYibL7AFeDYQC1P2wR2pYFqAo7DvSR6imKqMpump": 1784778431.4779108, "GB5y5ZicKurvoTjnkfuGqK7btkvsJ7QQPMsvKkTxpump": 1784778916.70208, "Cnm8PaGvGFPT1dDqvRLYRZLwqdTN8dUTtQZT1BTKpump": 1784781027.447847, "GTP5PX2pUpwdGV17KnugQh8yQENz1FcVzrjcwvYxpump": 1784785823.6588802, "7CsFSsX19xhcGdXNMKrBbBSkLtAeXaESBeWy6t9tpump": 1784787918.49528, "7kbA4Wnyg8u8QrtUCao3oArLg9sdhcDa6z6WhWWJpump": 1784788819.1140206, "Bg5WDueyGm9ewSQKURx6RdrFQCEmkuz1WQecg8njpump": 1784790315.8536584, "Evx1KJ17bcohFj57sSH6RJeug7UKMpG43Mdthdrfpump": 1784790315.8536658, "AxDogUwQVDYTjZvgE7z54RhQzYZZzvjmEbzuXFapump": 1784792418.428758}