{"8nV1A94UnmoidK3ujRMmxdgBZzeJTrezz4Hd2nRMpump": 1782467120.515493, "JSe8xojfFPkcjP1xqQGCopfKrwLDb62wx7HMCPLA8Sy": 1782471626.1927688, "9iLSeMNMbaA1BUV6TgLJUi4t7NtHsDsvFjCRS5hmpump": 1782478218.4298458}