{"7N3RPJC7ZxXyEnVyx8i83dcKb9QjMjV34cH2VKjypump": 1782610520.1543608, "CQQdwAGCppniLrtFpJWBxYVMCKTSffwN3bDi2fKApump": 1782611120.533992, "9cRCn9rGT8V2imeM2BaKs13yhMEais3ruM3rPvTGpump": 1782615019.25259, "FWHC6wXLNVx9B79H7QtPTpxJge9DoDeQLVX4BbhXpump": 1782617720.3241622, "EQyb11tV1NGh9WWZCyyn6zwEFyDKbnQutjtTRszgpump": 1782621025.132537}