{"B62socheoeJVqiKnihcR96g61tzALYwcMsE91Sw6pump": 1784709317.207371, "6otTXQjeRdHDtWiw6d7YKS3KK6tkcLigVoa64CYBpump": 1784714430.9616435, "4Ya6j9AtCRJt3azDQUa5aeDRzw1bK2Z5fWXszv4Bpump": 1784715916.1470196, "3qc4StQhMtbrCD74umCsC2X1sGwZTy8dq1QqnwHmpump": 1784718922.6154084}