{"HB1gA6VJocMKnrADJUhKLMGtb71CWTQUpSTGyDnppump": 1782079826.9585245, "FMoxGJH3Dj8116EoizswLv4QnoU1vbEb8U7Rt1ihpump": 1782081621.0597975, "4yqJdaHzyhKnk9tr6aoZE6y9RZM4akX21esM1yBFpump": 1782084317.843129, "87Xt6oTjwstXkK82mLnGsS6VupvxHcbP7bdeCAmTpump": 1782084919.0105329, "EuNTgimTby95VwudrR3DH8oGbhvkVbM3FjxH3sd2pump": 1782087917.7986512, "HwSSrHiGxtZSMcwBb5VMPhcipMbPA1zhkD1sudeppump": 1782090318.372649}