{"L8VV5THQCh7oN37TwgVRRSVqb5FuPydXS9Roy1tpump": 1784130047.959075, "EXduZMjxsFHdEL8b6Jdh2u6Ktngt5PpHyxEhJhXpump": 1784137533.1595988, "4LjLUvg56sBrzstX6Cw9YYr3k31PdZGQg5u2mCM4pump": 1784142050.6542659}