{"4WwFp7LRVHkZiXgywQqhCPcvyi4QLD2tmRPC9zEPpump": 1782011723.0806468, "HkZYytHB3x5msdAiA2CWXzGCErS19WvnpofiuWpdpump": 1782015320.1050746, "AkWT7AEAHdX49GMPyWj88npESkV4o4AG5Lg3NK8spump": 1782020117.0513227, "2Q4mncetHLdmPP5ZdKUnjj22WS5JddrxpMRjkMsTpump": 1782025225.986326}