{"9MhUEWd2oFXyw911ZM94DDpNxwtkANrVHFwSerdQpump": 1783231246.235478, "CGT5pGSnokiTU7CLsfFCnAbvgGMxtZGvQVnrLRKbpump": 1783231839.324789, "CQJzHVvpn3Ewt6utez6MJ1hJBM4WVFHzV4kDoy9jpump": 1783236041.4986598, "7DZuY9tjXszNdBPn56MtKBC6ypKZCjGN8pki3mAWpump": 1783244116.1497004}