{"HMKTGAvaScJawgjmMZKxghuc58QABg6H5KGq1biapump": 1781457625.9238813, "mk1fBU7v78u1pHkf2gKEYv3TNECG5oXgKDJxReApump": 1781458526.8534324, "7KEyytbnnZCnoZ3QpLgH2gnoGdu864GBw2Q94AoRpump": 1781459119.797367, "7XL2qVF8hsRDaxxbmjmrMpi1FRFkGeoErTSndmPUpump": 1781462126.0772343, "FyAYcYyKBQiMdxzX6hBCvgGMYapH1NwFRUKSL1BPpump": 1781471425.908484}