{"FyAYcYyKBQiMdxzX6hBCvgGMYapH1NwFRUKSL1BPpump": 1781471425.908484, "HT6qhTEcPoDMR3hzyomaFuFB83Hcoo7DPaU2Qn9bpump": 1781474120.4571962, "7yLkBTAzAxDg8r6fpU77zqvkWkq4KmHENq7yBapHpump": 1781474722.8384514, "J4ozfGVtuDYYkWFpCV5n8LYZXpBp8hcpaXJcPeNDpump": 1781480718.9761152, "DNLdJNzFTabGnreXGgVAEhPJ17YbSo9ecN4WyVGrpump": 1781484020.4754868, "7kkQU6AhUadtoszttEKprirvpgBihJHPoHVczebvi7i3": 1781484326.3968349, "C7r7kvYbxrDaf217wMgYY1ZQcjHB8N7MfQLDmx1Rpump": 1781484923.6902418}