{"7BEPYMVq3X9JFes4JDervkrJQ7TNDeBEd4L1nuGpump": 1783335321.6677675, "A8wXmAgVy3peeHtifXNvYUUirGdNu4ezJoDno9trpump": 1783336246.3552482, "6DbipwxwfAEn2B4dVmqbBZjo3sMVYf5Tt1sD2TwSpump": 1783336524.9290717, "DkmmVCUaBAcYjecqMdX7NdNQFCfb6uh1yQq9HEP8pump": 1783336843.422344, "3JeuCbFZeSKs9wuVMCnFuj2SrvGX9LebbicsNWuLpump": 1783337117.6475942, "D71ZjzGKk5duRFBmdzDMNmehyFuoN3xx1bCFiPQPpump": 1783337449.4270597, "Yr2weKcdmVmcfYqHFtK43zjPG3c1bNrCXz1hnMTpump": 1783341058.6773922, "ATycrHtw84MChaPCBBMC2sQxwgmjCGx1GEY4nV8opump": 1783347048.9361537}