{"5fgccfF7L86DbApo4bVP5uWo5msmqat3B5gwvTKkpump": 1783732840.4578962, "8CV9zj7pFGrnmn1hUxdpuhbwnyLhx2XBTMWnKdV8pump": 1783733122.521978, "C4TFLdu1f2iGmKVv7crWVwQfRLApTgUFupxsvwvApump": 1783733444.5431561, "5bVoNpJsYRx6QRvfPkxvWpygMycWwJiZsNKsLR13pump": 1783736117.926961, "HsWZD6UrSRaKf9ePdCDkAc8Z5EAvjqgKq4J7Bm1pump": 1783736718.062503, "AoVxqCdzx9f5veouTjVkNyxm2tCR3fxr1RLpiK1pump": 1783739438.2509975, "HTgLRPWZHuv7KafUXu4THeXeXE1585WV2V8sqzSgpump": 1783744839.926797}