{"2DjNz1CWwV4DRHCgajLK61UzNRPCfyuPjF7GmS41pump": 1782797118.95042, "DjBhmw2YjXnU5sXKNcBJbLovsiQVc6Eojuq3TNTVpump": 1782799235.6325018, "vD4gAaQdJb3T3E4233vS4ix41ppSxQa7pGbfLtJpump": 1782799235.6325104, "HFQAaXxdoNvtJ6K1KcJiiL38Y48KZjvLkJjftFHppump": 1782800427.8238053, "2gdCFDfBr9mgRnV3PHnJccvStyLWAZkZCVhfXerApump": 1782804917.6759815, "9ygAaHaapVDEZBn6MdaXXqHoPNtz3r7bSu48iJqipump": 1782806718.2829845, "14jZTzx1ZMVBeT8eQhoYbQ29U9AZ7P36UWTX9Ehjpump": 1782810038.308337}