{"HwSSrHiGxtZSMcwBb5VMPhcipMbPA1zhkD1sudeppump": 1782090318.372649, "72ZtU7qxSbvhzC6Dx9bicQ78w1P7wFCPCsUJrF4Kpump": 1782095122.878286, "bgVgEFWjMYv7MTfEY9yLNHgSgGxv5XyxCLwpDPvpump": 1782102019.9266992, "4u7rbgiNY6nYDCURztFktAWVtvhzgnsen3rHLhJApump": 1782102318.4986882, "3HHTWR8mSdWGmNfH1gSpsFWvysWJ2DUwpmTsnTz1pump": 1782103822.9727814}