{"AApJw9BntbC1RCdANkXHwmRpGxZLzDY1p81hcxkYpump": 1784212253.427647, "Egz4fxsA4RzjguJ1CngZwZodeuzsjtYurVVXyncfpump": 1784215230.6089492, "C6ydncQpon9eA1yUd96LJsNvQez1GFkGBqmAg9UpwXUf": 1784217235.6995747, "2XmV6Jk6ATzKCnVB15cnPHCCF9o4Kn4PXvVFk6Rppump": 1784222123.6383145, "AaeRR63ihifBE6h9TVH9LV8tnN6u68ewHXHrJoRP5DZJ": 1784224226.348362, "AKEbKt5LMFCjNSMp27X3U1xS33RrhY9Fhk7Qbbdnpump": 1784225721.971768}