{"D5qVb7AfwFqHi5Ud6mDpP1QTEgbXd7HRPH2jJ9smpump": 1784701219.3405328, "eHFE2DFAx11Uc2WboXq8FBuqoqGEkBMv6MYdFVjmHCc": 1784702116.2679956, "B62socheoeJVqiKnihcR96g61tzALYwcMsE91Sw6pump": 1784709317.207371, "6otTXQjeRdHDtWiw6d7YKS3KK6tkcLigVoa64CYBpump": 1784714430.9616435}