{"GEPfztBZqdh8nZHaPsRxd4UzzwAc8wJRQvC9Rkuxpump": 1784658021.4192016, "CH7HjcS67VPXVcwRKrro6icR4QzDD8W75NjNzD1pump": 1784658021.4192073, "7HwsD3ujMErhM94fXrBtsMTWfUkErazquur8kZ8Kpump": 1784662229.7262352, "FHhgsenea5oMpEJWPbMmhztFT8BDSuWWaq2p47aCpump": 1784670318.337063}