{"Yr2weKcdmVmcfYqHFtK43zjPG3c1bNrCXz1hnMTpump": 1783341058.6773922, "ATycrHtw84MChaPCBBMC2sQxwgmjCGx1GEY4nV8opump": 1783347048.9361537, "Dh7AJ8NBE8qF4B5m7CbYF7Npp8xRar9xB6kHrupmpump": 1783353650.2618463}