{"4HbpEPkkMwhxqtFKeSLyyEpsCtmycdx5rMonYeKNi5ai": 1783195837.7703865, "C73LTYMGv7uKcPAmJnWnCj5H9iJmTmFxtRaGAzepump": 1783197639.0175881, "5YEQSNYNBKXbe9nkr5KpAjRKR8GByvpvjU1QnJyHpump": 1783198850.5334258, "ATYRwaWvo8oroh8qK3Uj38geSUfLcCheVMpWifMNpump": 1783200916.5179858, "4UKhvqXNsb1zfnCH4kf8VWkFCC7KBDFZwg4TyVVYpump": 1783202446.5249014, "9owj2aDun64x9jtDjm8g3DVQ7fXrowCZWr1JuJd4pump": 1783203321.180075, "FAi4gCCDWAezmzvsenghCqNaw7t3G8mTDxt7gEDTpump": 1783204239.937122, "Atf32eKbsbUZtj4kb5U3QJEtHrmc7L9Gjqv3qjNKbuLL": 1783204519.2633436, "6mUXxdGMtxKDSw6zXiarQ5mgP3UC1LBzu9LjgXhFpump": 1783208438.4675474, "7M8trrnDqCZpVZCfRbsbTGaxpWxqkT1F68kXaR3ypump": 1783209917.8010874}