{"7pPLfgLw9cWnPuEMxYzgXjCoGC3RMeW4zmSFmPrmpump": 1784766019.8103328, "Bm4Czuq3X7BwgU429GiLb8wTHLNBiCzcysN8Gsqpump": 1784766320.4126647, "EP8QJoR6LnMidjv818MWGs7Mm4hQR6vv1gNdT7NK4Lgy": 1784769320.2554758, "u5FmqbZ2wZRJSxi4SNvSKkCxSjTTxTXtnzm9sWBpump": 1784774720.1215305, "38D3bkkDT942ugccsWVdZ9VFM4mKQNAdvqroFBSepump": 1784775915.2682912, "HoKD1DDKsLQr8zsB3k6LLEwj73xbTYyBkdsA562Upump": 1784777718.1272936, "GxSCeYibL7AFeDYQC1P2wR2pYFqAo7DvSR6imKqMpump": 1784778431.4779108}