{"AF37dn6WSNjy7iqNBUVSjMch6rD2CUSKXvUrXj68pump": 1781979020.313574, "7gnDEtpjuqi2EGN4WvcGED1RY1eKzhAApmhcdgiqpump": 1781981121.3211265, "DetuJj5UYghjBtSYLsnZWx6g8ihYqU2kNHR8wup4pump": 1781983223.0381298, "fj5oGfDSBCFbkFyUNvPM1ZjU9LRQdCAtXujt8dSpump": 1781983223.0381386, "J7nejjwUAxiSbX3DpvTkURscfFSrK33saNoU2ovHpump": 1781984721.5624824, "2DvMwafACykvGa9CHbmoF6BEaPWWUAqwa31m1WLDpump": 1781985638.0950074, "7pykXUmT2dWd3pTPT9pjVVN6dgTXzynv5BamHHCypump": 1781990420.2026672}