{"4UUbr6JC5ysZnR45tyc6GAm7WNdGSNbphNwGrqvvpump": 1781858118.41858, "F5x2MoFMKF1NNyXznnFfxm7647SW3w2gp8yFB3AVpump": 1781864121.62471, "BohiYrLdvMgsqtzHz9azWPT3xa8fK8FmRtF3Tt5Fpump": 1781869822.1822069, "FhhDi7qyJqn2Gjt6k3574NrVi4awHqH2gKt1WJe9pump": 1781871622.5330815}