{"6baGyq4HLbUn93MQUGFqBktpXP8BRjpoxSsAap4ppump": 1783313718.4481637, "4eKYoR1hBHnRaYyg2d57H36uUatRNyZr1NRP9ScNpump": 1783316440.2964473, "5vE1yh9QGEgNhMGABZhQU93CXYaKzSEKr95AgU8Dpump": 1783316719.0589423, "7JUXLxAzVRgFoWHJV8MUVjcxEaK5d25XLdA9mfc5pump": 1783321519.7198155, "GfpKBcGh6jUhQ6QZZEvzgNrFDU5y5bq49yxr5ADUpump": 1783322719.8519804, "65tKdvLHPVM9ULnV78Hm641hToZhhmJdUyL7YnG1pump": 1783323920.3656182}