{"89gZQFtEe3RJctXghdbEmht8SV2vQvcN4DNyjmappump": 1784505322.4889255, "EQZfBpWpQc5BEUsP3q79xk1k3mKAAeL8bVZ5m1LJpump": 1784509233.1125345, "6BoaJDW6aibTJzhz7GJjnkC2Ngdxc2PsPQwv5Hy4pump": 1784517020.7788494}