{"5AAotrRLzBvojpLbT75f3x84oyhGrhnhkQatefBopump": 1782347117.7438877, "7G54j83Dz6Bi5LvaFqkrAXdZbpmG4b8vqfhem2E5pump": 1782358227.389787}