{"49x3fgcezXi58YDjZUoKR241UNRFmrKeZTikEThkpump": 1782050719.9713466, "6kKVmP1FZM7wtDNLDcHKx7zLGhA4sUt9WAo6kG9mpump": 1782053421.8497002, "4opYauvz3bb4ezkMugFsJqvQ9Y11YwSwpFcpmDxhpump": 1782055219.550068}