{"BoSDUmikBbc8KqMzUZCw69pzmhuAkrVDvJVHdnjupump": 1781354723.414972, "J7UyaWqCAt8H7WCfDtqyTDaVaPe5QKmHCHbkCgjNpump": 1781358619.2625322}