{"GTP5PX2pUpwdGV17KnugQh8yQENz1FcVzrjcwvYxpump": 1784785823.6588802, "7CsFSsX19xhcGdXNMKrBbBSkLtAeXaESBeWy6t9tpump": 1784787918.49528, "7kbA4Wnyg8u8QrtUCao3oArLg9sdhcDa6z6WhWWJpump": 1784788819.1140206, "Bg5WDueyGm9ewSQKURx6RdrFQCEmkuz1WQecg8njpump": 1784790315.8536584, "Evx1KJ17bcohFj57sSH6RJeug7UKMpG43Mdthdrfpump": 1784790315.8536658, "AxDogUwQVDYTjZvgE7z54RhQzYZZzvjmEbzuXFapump": 1784792418.428758, "7dCekbBTNx6owtiqWGkn8Rtx2ZFp1JtZKWxGM3xMpump": 1784795425.0722904, "ANxm3MJbiXef3bKmqitXpYJP1UutXcTaepJND3acpump": 1784798420.185982, "FfsprXbeugomuDsmXqMgDXpDKPA6SLif8tKPf4q2pump": 1784798720.8773324}