{"2cmdUtcmWaGB4NUi92SHu1k9vUQB89RYNXh149ZDpump": 1782309024.551627, "Cc2ath1QJ3WDeYqxvrPVj2eiahA19HcLqntqqxuVpump": 1782313231.5877645, "U9VckoryDRNnbQdr1DSYGT1zaftPFJmyVAjgnf5pump": 1782315620.5620365, "2wJDh4inELt63WJMQraAZJMrt2g7AwUyxXAVVbLdpump": 1782318023.04949}