{"6yvEyLV6JyRQq1Jsm2Ys7iEb6pDtkqi6RygycyiXpump": 1782974119.0522547, "EANgpJL8bELNv9TYymb5tGUXY6JHfn2ynxGGX1mnpump": 1782985834.2351959}