{"DrCjaUaVCGSfFEu8i4Gje1CwogUF7nwKFV9Bov5Dpump": 1783516844.8100913, "Bsd9kPRkEnCSeBSTyo6uF3Sq1QjXvtm6CwS46QeMpump": 1783530318.9281373}