{"3YudidgEnPyMekuUCDEUf79MPqce8FHWF4ZSBV64pump": 1784269228.153945, "7pk7UUP4qgznjZqEPUkWtrwfNoUDC7Dk9FUadsCkpump": 1784274918.1808417, "5tH4uCqtLQZ48pjSQ55MyR59KaqCE73az2A1nR4pump": 1784276427.7008672, "FzNgpR11RYACasA8ptFniXQKcLw26CmBWdyNEAU1pump": 1784283321.668699, "4rLx5rzCp4Bb8Zvz9pQECPzPTKdJQ9p8arKMTh22pump": 1784283321.668706}