{"3BvJQ7j1NnFHg2L7PbkfXcVkeVfzoEJJamoN1KaDpump": 1781289316.5033574, "2aCRx5aoqxKyNTT6tiJjf7KECACVEWsqHD4Mi2MQpump": 1781293223.3561916, "HdeAPoHivsm9MZfeY5tW7apJEprc8Fs594bWmnzfpump": 1781295918.9153364, "fMjNQMTk1qyroKRerqrSqDXMtTqGHCoXiNzAH6Dpump": 1781300720.9628098}