{"G6ugqRMLLeBr4UmkmyyQ4sHSisC1z2DaUReHanifpump": 1784905517.8303654, "47rdPyNcD4jgbnzdCNVA2bFncaMNt2zSUyVQg8sLpump": 1784909774.3060927, "DQkmbKM21tegRheCiX7DT7xqCB4TvD7DJKNaxkHXpump": 1784913630.3181403, "FJ6XzNmeFtcKfbLMfQDkeyAVwEnyyhLW87DGdi4Qpump": 1784916621.833852, "DpHz68ok7iF9i4KniJzy7FaqvQkLBuN962giMtAJpump": 1784918117.0722628, "8esEXpkqd2pUPZ4kGMnLAAvjDoN6xRZF5SMpgwnapump": 1784919318.8561776}