{"ARMfyWanCZ4zhvkvDe6rMNFsQBGsNTPAtkY1qGs6bAcm": 1782442221.68254, "DXXcq4tY5e4PbXybyBMnxZjHVmzv1GVrAXoW5TcC5kbu": 1782443117.1390524, "HoXTLR2bzMpyaNG9RrHs75xhtQbca1EY5E62uBNYpump": 1782456319.6706135}