{"EGRw7xKkT1r99X8nT8JCZsGLtw6MzAqWivEkUPXJpump": 1782878116.028807, "HPtvwF828pcv9SLGyAoWiBcZdmbR8hg5JMbFg1Sjpump": 1782886520.1496103, "3i3w96ZFcXmbB9bLJ4WMj1U7F6RKAvXaPJfgKZy6pump": 1782887435.6540213, "CCWvacbHWLfNuvNYjA3VsTtGNPqti6JBjLK9rYwSpump": 1782888916.8316352, "591UdL6WMaEMEf641uJUwUTq1utX6zhBrjaiTqVCpump": 1782889519.5645883, "HGTowAaA4meERnFbvECMUKri1xsPnAJMgMppy8wgpump": 1782891033.8917725}