{"9XDXsg3QQCGrwjjN4uJb9amCwE93bb3Ngx5xQwP7pump": 1783892442.556057, "6wtZueu89AGwQkGUki3HcerjCDFxLA9PyVUBWQbMpump": 1783885843.0295446, "GwZvGvVzjWTL1mvpw55KQWztTQvWo3B6ew16N2aspump": 1783886718.911936, "HFtawr9z2sDL594SB5NN466ekZ13rUuwDjykTPmrpump": 1783888516.0500045, "GWNYjjSPsE6PthXjc61JQrTcjfNerSrRzBakeinqpump": 1783890052.2203987, "Ch1vdFT6dVmkVLbJkBXGBv8iyhWv9ik1C45cYNsFpump": 1783895118.9156208, "HYPNox4SAnMqNC62sGoKirmf2fz2YpWTSQSDWdAgr7ip": 1783896045.350926, "9kd4zUsuXfqp5UQm2JY7fkx3DaaAzNphLWw9YmEJpump": 1783897249.2104886, "6QPvGr1L7aXGybpGKvvG8LtFDV9dRzK6QbSpRNJJonYM": 1783899641.4588976}