{"7pykXUmT2dWd3pTPT9pjVVN6dgTXzynv5BamHHCypump": 1781990420.2026672, "F25zq8u4TbtaQxq3i1qtcndUmFaLCAAYtoraKSwYpump": 1781999120.5932043, "FPba1s2xs8M2nr7Sx71iPGDYyzt3uUV2bkFwqLrEpump": 1781999716.8637953, "BGF9G8bLX3pgqxdStyopZ1uDHou9akgsVRycithwpump": 1782001518.4717636}