{"9aeFsVq9PU4zSHNeivx686wcMUocTCwMEJJxFKJ9pump": 1783532719.4625843, "EQkiF3cgr3Vrtegq6gBUekGRgcfMbwUB22cVFi7ppump": 1783534847.2922933, "8nEfSXKzpocrn4VfacXqEPZEwrhoCb2rTrxNCnC9pump": 1783535121.6186278, "8SeUgHrqNBbvjQP358rdEs8RnCuRNr4uFE7wcfz7vbm7": 1783535453.6275847, "8bs7WmmrBTJLFVEreCwYA7QhuYMMaAgJcTEMFDiGpump": 1783537848.092061, "7FxskNY3K5t3uoedZ99D47iDnn9Z1p33d736FaWxpump": 1783540519.000826, "CHaKvkaRyt49GnnS6bXs6oBRLDMQ3XwkYsmueawz9vSY": 1783542916.4281201, "4gqUH4qMtkZTjeenrtVmcQXKEYg9aBUC8j2kQao2pump": 1783545042.6255016}