{"BoSDUmikBbc8KqMzUZCw69pzmhuAkrVDvJVHdnjupump": 1781354723.414972, "J7UyaWqCAt8H7WCfDtqyTDaVaPe5QKmHCHbkCgjNpump": 1781358619.2625322, "6d9PCh5ocA2v4S7E6G1Hn1dfd72XxE8HJu22r4Sspump": 1781359819.5285437, "3nTmaNvUd12oEd52rsjc8hZLqSjRm1yoEtCnZBDRpump": 1781366119.216641}