{"9wY6TJtK8H56d2sQFKwrhFoZDz22z2vEQxUciAFTU3aE": 1781674821.6025214, "6gw2o1xB9rfQRi1nNPyhMewSqEAFkqLeaoa1AFSCpump": 1781676317.3096511, "BbPG1jTKB2uEfLNd1633ob4XX8vXX8kpatQne2Gtpump": 1781682919.913811, "H2wiDucfS8tq7kE3dnimVYGSsSy5tYjoV8MmVdWFBAGS": 1781685323.128007, "4eepfPXbJi16vTVCzaULPhzeT4pWnE97o1gZeW8bpump": 1781688625.4324098, "FKxbCh3egLotiMNFAEMLw8MDQjAVmmEA1LLq7mFvpump": 1781688921.8730922}