{"26Rre7jT3jUaU29s6oS6QbLSwpbV2ZSZmouZAFWApump": 1782533121.674408, "BbydPty2qDLNjoeHtWiFjBfibBvBkXK84agHuU2rpump": 1782534627.558948, "Eb2zbWj8a9oes8t4DC1kjuQEPWgjYCgjGSXqLoLpump": 1782534916.9995785, "Bf8q4Gz98eNWRPX4jg1QkS9hZ4HUMmDBaNy7qdbasket": 1782542119.7201807, "GY2EGyiY2ygr7oh1VMkJBgPZRvb7Z3e6AFzvTMSoWpPF": 1782543916.9709318, "41DoUSq1aCTRLkZhAc4cyRaabWD9A3Nf6fjiVhAxpump": 1782545332.1623764, "4fWAePz1u4avHhFJqa1f7Bni28vaPq2abb98CahTpump": 1782546023.2413375, "4LEm6r3DNkXxtC52JLRcymTW6CKE59KnLFMnsLdqpump": 1782546624.6551554}