{"5buZ8UuBX9eBzjUkYqKZaiFkEhXSsnSjmGvnLJYpump": 1781612130.4563596, "6PrgZw55ujg89gpyfSiefNxtGErq49dcTX6DJvGHpump": 1781614833.0617318}