{"5MeesVjRfJ3nnkESNFjT6y4RyzvN7NX5Qf3mihSUpump": 1783467918.445246, "5ECDHLSRpMiyW9wNY5YVZXUst3xTvngWSLmzYvLFpump": 1783469118.9530432, "4gqUH4qMtkZTjeenrtVmcQXKEYg9aBUC8j2kQao2pump": 1783477848.6544113}