{"F4TnftPoSHihw9TTcz7pkg2t8P6QEHag4yayMVGSpump": 1783918241.2354565, "Hs5EDt766NjWsyseh3HnC61t9y9NVD67vfPvLQhDpump": 1783922451.6307926, "9qg92PWjYgTowgu7MEbNQZMWaxhC4fZUA9nQMTT4pump": 1783923642.2243426}