{"9LBk6PAzw7GsVR9uTSoGFkfG5ke1fBnhjBfU52Jipump": 1782859519.4016042, "H8ZbgTRLATrzaMGpEp5qyhxVrPkh2quLq6hoSvEpump": 1782863427.5807753, "GAefbsZef5zGjacXf65ioie8gzHEnS9xzSWNZsxFpump": 1782864628.3562362, "4Dx2kjBaXkGA6gHb538c2MhSKsxu2it3qZaABxvMpump": 1782864628.356245, "X1Yo3htDgh6yus6H3rMMnkpiVTbcrDYn6KWX64cBuLL": 1782865833.8649764, "Fz7ZAV1UdCfMV8nWFGHaU1EqDUS7HD55ibTENYGHpump": 1782866718.0663304, "wApb9bko9dfgQHBQVYkwLJy7oYspsF3wYWBuGgKpump": 1782868228.9450963, "UcRtytWGPPkiJDx8AtJEtAu1Yt26AkaZZRPA1pJdwnd": 1782868828.9509127, "HHxTv3VNHSeubEFDBuJ7gEvZS2nxCJ9U7PfiaGWHpump": 1782869435.6014748, "CH2amwcGDKTDcNy29nk5dhykPtB1Ls2nNqrMm4LHpump": 1782873032.5329866, "9X7psfSCxDGHRhTuRHuw9ZApPHt8y146FdfMXu48pump": 1782873631.7128296}