{"7eMZP7prH9YWz4komdmVRuPDNsHH99n4MmkYoGp1pump": 1782676828.2805681, "Bsx74q4nw37DHmoiEjZUP26bkWozHyUvogFvpsWPpump": 1782677723.344568, "EhB1sbSiFVw8XYb8NJUcKEJocGsa4KGxxrS3LsvFpump": 1782688225.2081118, "6hvpPdfvo9HdE3qbZVETNwT6KkFL2T3cLAzKevnCpump": 1782690564.9399498}