{"6hDxh9uXFwzW4bFgULXPaDE9ykY2QYuPgem4s8capump": 1783251039.9861658, "HMX8oxVFtpxz92NeoSifkQrJATwEpKQMDjVBbrmppump": 1783252848.236247, "8YSCzrF5B36quS8feRqQeNQcDJheBVstCh3AaTq9pump": 1783254036.7936451, "8wQydVUD4MuZG5KCgMmSWDBbjeujwA2ak6es2Yxapump": 1783257037.7274406, "Dur39Hv43Uw4HU9Zr4RUB7mH6kqmYdPpZfENup6Xpump": 1783259717.854012, "7EDeikyia9id2EVC6CL8oLcMrYYoZtfFXbRmo6DQpump": 1783260920.4075623, "71HtXHfexjKgem92Y5sPLPb6qkmtqWmPUzdKAcU9pump": 1783261516.71892, "5C4fgF5v1BvaH1EkcwDRpYGGxPtpAbztjs9gJ1Gcpump": 1783263319.465006, "7UYN6eqSZMRCuWtAsJDWPWkKoJ5zLViLbBh7HRCLEwQX": 1783265116.6383774}