{"4oPXZnLGPbcM2oDAJ95yBzXf98sZuoPBQvb6foBSpump": 1784020520.2145777, "AM8rELe9JLW44vyBxdNLFo5NpPZjhqbV1QhfqYAcpump": 1784021122.006304, "FRbT3zVScVDmXEWokGuhzT7DhMXzhgNFbXVqHTVZpump": 1784022044.110369, "4SLVH8rturi925CyqaRTJUajPBix7JNJaGL5EGoZpump": 1784027447.067086, "4CXB7fET9wYsRRhxBYPFjNDA3jijBHVoL7EizanYpump": 1784029845.5646977, "3UXSLKVxF5L6AaugmUhkRBoKETtThQwj6bD6qYkbpump": 1784031042.6728003, "9s6kzxciDgDdhR6S6CLei25w9AjH9XnQUS4YLHMVpump": 1784034645.4286478}