{"G6cHLEwYHyZJXBhKpSWMU6RUtcq9HM9UTn2cTEdKpump": 1783569917.0632381, "HnkB6cP2fEZE6KwdHwLEdEEDT8J5kUGPL1wFRqd4pump": 1783570241.2720025, "HC7v5XAPeezyfsRefPrmorXyFyKNwnK4ZQfW8biTpump": 1783571717.9293811, "3ud5S2LUcsCKVWsTouKZDxJRYnNcsrDptC6DRB7Vpump": 1783579522.476735, "HHmh4bSYBXsPQiSQ6mdRqWLvSowPY5s4rNCaL8mspump": 1783581643.8399932}