{"7NTs9FPw7tP2Bfjcn8eAJZUr4ApG8n9ZbXkT7Adwpump": 1783763121.3179715, "HyrcSV3oQkS763vWNdqP5vhDcfvnesCFqqe37nXpump": 1783777245.5181708}