{"EXXZDh1CzomtLwixWvZ947frkwyMGDygw3CWkeRTpump": 1781847622.538382, "HtLJZPKoMFcP8BrYkqFAjWZfgeLkb4sM5U1zJHmopump": 1781853324.3465483}