{"EhB1sbSiFVw8XYb8NJUcKEJocGsa4KGxxrS3LsvFpump": 1782688225.2081118, "6hvpPdfvo9HdE3qbZVETNwT6KkFL2T3cLAzKevnCpump": 1782690564.9399498, "BGwYnDVe18aj9cozWcKNhiTUwayELULg5rHLGPPdpump": 1782692717.837977, "CuGJf6cfDfMh4UxVgNJ5KFQ6v8Wv3qrqop6cFKsGpump": 1782693024.068104, "FsA7HoGgj5RB6ZExHXhi9dzgahr3Jo6g7TL48zCypump": 1782693024.0681102, "5pdEzWdCksmdNKRsLWnUNAF85BuC4R4TNYRwayQUpump": 1782693319.1473951, "8jJXpYgiya3UwCbA4KWLiEGawF5dZFc9PG3VyW2upump": 1782694829.6194913, "BUHbzvFAcd99LZRY6B5orhZCFZPTpHusjkKyag6Qpump": 1782697223.2367897, "penks6cQFUQtfytirZowyr6rjxoZ2mSxa5sA7Czpump": 1782698430.3509033, "ABpe1ndUSVoaTBc6kH4jnsXZGY5cMDBhy9dmsqrYpump": 1782698722.309206}