{"EXduZMjxsFHdEL8b6Jdh2u6Ktngt5PpHyxEhJhXpump": 1784137533.1595988, "4LjLUvg56sBrzstX6Cw9YYr3k31PdZGQg5u2mCM4pump": 1784142050.6542659, "x8NtU6nnYDn1BwMDGg2oFdBuYBevhJ32kqM97FSpump": 1784149521.6843097}