{"FUY6RbdfrDfa82y1AS5ZQRtaoSr1ZVTGD2EkN11bpump": 1784389821.0153272, "2ffFbW8e3mAW7ZigJuaahPFHSeFWjDU6dfTHQeAspump": 1784390423.6198204, "4ehDQGjbFT76JyLmsQXdUKGUp9RsxiFQi1XVd4Zxpump": 1784392518.9132912, "BZsZBKwyuaopnur5Cb7jXcq4CqYXhNQGj4PoPC2Fpump": 1784396116.545178, "3C65gdJAknCK9anyp3thqPt8p1xnTbnynhGk8wM3pump": 1784398218.9357815, "8iuNL36yGtMWoCKinRjG4jkyJhF9MbmiAZDHYC3Rpump": 1784400319.8088176}