{"AanSQT7G6JSnyAeiSM5RzVgraAjve63UYBqbSQJypump": 1784304626.3897119, "967Yg66zkKtgdQVEuw1EaFKtXGS8k5XKxjYCvjqipump": 1784305517.2771957, "G9gV2gRGZ3jCxAm5E9JrGiU9XZXnVxV52sFkUZDJpump": 1784307026.5913823, "BQDTXj9bvYRY9hksEmnXVMxsPu5VwFDW3bwiXpiDpump": 1784308523.3374236, "4WfoYERYFw3AQWc3MiJz4H8YScu7sbGFoSX7xCMepump": 1784314228.475775}