{"DwUCge9HSuwJVWQvC7GdrTkBcaC85oP9sEEUPysUbonk": 1782138063.0930007, "2jbA4D1YSPnH9beyUCPQSBhHqaDhbix8HYYrWQokpump": 1782140728.1751306, "12iF3zmphd6VcGNyTTWvyjZR3kGC1VcXWvQwzxBnmEFo": 1782144275.4109921, "6jbx2PGZfXNaXxXSLzsUse5xQet3E5qnJqpMRso6pump": 1782147634.7491767, "6NHhK8q5cESamPxmQodjDEj5scRM3VoyP5i9drhCpump": 1782151826.1081314}