{"Cc2ath1QJ3WDeYqxvrPVj2eiahA19HcLqntqqxuVpump": 1782313231.5877645, "U9VckoryDRNnbQdr1DSYGT1zaftPFJmyVAjgnf5pump": 1782315620.5620365, "2wJDh4inELt63WJMQraAZJMrt2g7AwUyxXAVVbLdpump": 1782318023.04949, "1ymFV58KwSk7mp2tnvcccVrVTXmk8Fo1EymfLXUpump": 1782323421.114115, "pump4U4TNeSg9CmhLVofqE7L3KdUfW9xLdro78h4Jrf": 1782325523.7272553}