{"CaPK69pveS9nqmX38R9vwiKmoLZRwAnWrDhMYzjHpump": 1784096720.5669088, "H2awHSNghi5pTZNYzE3GdwScS5eTQFFP2ji9FyjDpump": 1784097316.6452498, "H1y1fD9xGPUt9mwCCQpLCMDTaKUnQVqys5SKQcCmpump": 1784102127.0723257, "32jdxuFmaJufSsGtgUQN6n4emvzLsD8QRBSjfqVgpump": 1784104843.313718, "HPS59hGvWCf5AdSWqFPJ3yPTJcgTEpo9Raxt32G5rBsd": 1784105441.9639144, "HJ1Ry6iJyAqN7jozMTErJHuNA66kpkDkowi7fhCRpump": 1784109918.418632}