{"HnkB6cP2fEZE6KwdHwLEdEEDT8J5kUGPL1wFRqd4pump": 1783592455.8922133, "HHmh4bSYBXsPQiSQ6mdRqWLvSowPY5s4rNCaL8mspump": 1783581643.8399932, "31mMFCFe3V5tx319s5kNfnPrYCzc8SuxPofGcyfepump": 1783583121.5544946, "3ymMYoKuQj5JYESZs5Gp5rXScm1C3GarfzGZ22KHpump": 1783595159.503344, "9X7RJ4QSLCSAGhecjFRJaEUebVHQo2kb5CZzWABFpump": 1783595723.698173}