{"ExCALBK63oJHxoDTgEPspKG7TFuhBcEgMv6YiyApump": 1784172918.725548, "2AEuuDipca4mbqhQDS473GgeX8vA5S7d9voTm8hepump": 1784179847.9695866, "E7vTVLLaxV3y68cpnDx2Q7ExeznhWgJKwPziKDsrpump": 1784180454.553749, "9HNRV5FoULAJzwrJsxDymoSh6LX1VT5HAnrzvXSepump": 1784181967.9848156}