{"GLLhAuX19N4DPG1zwhGZFn2FCc8gqX6DNd5WiLxtpump": 1781572822.3952477, "7BiPA9r786rNp8exEuLKTgL1FWC4DWG8WUHyCVHSpump": 1781577022.7035944, "vFJwCkjXhZU3S3ZvjZKQZ7eBFkaK6bYRkXhCsxHxboi": 1781578227.4094446, "E7ZvgURQy4JeURja9jecsWp1z5RvnibmWHkBBXjKpump": 1781584524.5294213, "FFRQbb9KaXomHrBKrtJ7UxrqSTxDGk8WLjacqnLLpump": 1781586924.5716805}