{"3LZL5cXac86U1ti81V8GEA1qoj3HenLfnJMcQo7opump": 1784200244.9604766, "HbPk9A3Ho3QTQhgiFwfjWZQZWXr46w31q2Rm9VTJpump": 1784205325.052251}