{"3ymMYoKuQj5JYESZs5Gp5rXScm1C3GarfzGZ22KHpump": 1783595159.503344, "9X7RJ4QSLCSAGhecjFRJaEUebVHQo2kb5CZzWABFpump": 1783595723.698173, "G2L8j6Vr2xziHCh9dhhV9J72SMpirtNYZXGV1s68pump": 1783604444.767648, "CKZvbmu5bi29jnWMoLgN5TuHokjFsNksHLCyqJLLpump": 1783606520.286894, "2t3wajQhi3of7xrh2nLUMFxS4bboAPgvMw2vY47apump": 1783607720.8522727}