{"7Hn6wAEgdjiz1Ca9eebxJo2G91uBKCmLkdShfnZupump": 1783699247.6850345, "G6k4tuNCWh4AkNGVnUbqDrJoce4AdrQmJTRZWUnhpump": 1783704916.671889, "5AnNdhBHYepvmbLdz7Y1YXd1pW9n7wkrD2CHcZmMpump": 1783709124.277417, "AuLXh7qQv3UrQsRy7swVqTmPpbFf4nZL6ywfyUZ2pump": 1783713043.585192, "EPLeohiDXdCH2JmBJLgj6JTtBFvaTdDpN32P3vF7pump": 1783713043.5851994}