{"CqiwNniAsyjKHcX3dgEkjpYYiPt7u4G54syoUU8Km4z4": 1782936040.4761953, "Dhn598nQpopsrhHibF8s5nvJrmDQFoVK443fN7jYhood": 1782936322.790014, "FaXqUFubjMxT2LKJJKM989Enj4tUcPFiiKnm46dppump": 1782939643.493368, "GuXvH9VVSFo5v8r2Aa6xG3C15pnk77YY1U7952TYpump": 1782942322.710834, "BXGEKuPwXvDSMz65vEjD9TteNHPgmycx4gCUPuUpump": 1782943245.4259083, "BhjmsqgwPK9hQtwo8xKos6MGM68JCjK4F6yoL1aNpump": 1782943517.221185, "6S6DU8iYEKsEUBYeAr1JcBZ2Jokwr9dKru5KAkjSpump": 1782944117.9637167}