{"AMUoCfq53sNX8PDAQsNqH5ctUZTSSEpA4hajrNXUSrd": 1782585317.0069573, "3i6JXygrsAedj3be2vJxCRqQXhqXq1bPRAXbXJPrpump": 1782587718.3116817, "EubeKu2fPkbTZ2cr4eqmhrwcRhiuvsueyEJTvRxabonk": 1782590431.5049555, "8yQAo4Sep6Cq3xGmASeU6MfGdB17ZFRd9kjFj35kpump": 1782594322.96216, "9L2GBHGpTS8Ct2FwpW9XTon8hJfEysMPYTK2LDqZpump": 1782596119.6441927, "E5kGCj6VNekd2K4RT1gYnr7AAqdeaK5X9aHCgNCzpump": 1782596119.6442025, "FPeo7YEq73MoSVnokKdE76hVXc7jDScd7LpJy6F4bonk": 1782597629.6630576}