{"RRWCLy2ddJzSC7B5wfBEAvEDRtpt8DphkZGYnKJpump": 1783166443.5225935, "4EKJBc4WdeCViLRCfRx5ieFHfPFuBYhV49527GUBpump": 1783170318.5292432}