{"3P5Edku2y2Ue148SQKUqc14wjBghEbySXLcANvG7pump": 1783987519.0146353, "6GMpet2BjRvcYvMvrfH1No3JP11bFJ77KR3727xepump": 1783991441.6150815, "FN7GB2Mf4pw1uH3ZLYKTP87DPEB1YGDY5U5gnQA9pump": 1783997447.617404, "CLrsRz21tZtHe7hkt34d8zC9t6gwLziw9SdMM6o1pump": 1783999852.2594545}