{"AfJndZ6hdijFEuqNnZ2YvXQupkEoGY5RbK3Dxd5Ppump": 1783072238.31723, "9i31J7h8svFnW9TH7hfV8EaEgqLxWsNtsYgrLDf3pump": 1783073123.1561377, "56GN1q3Sap3imiiRv5p1sNdivNCqoxmYvF2CJdMmpump": 1783073721.3338792, "98uHBngN8bXyEpuUxkiBVsasPXMHYyfqymeYAuHTpump": 1783085724.0302157}