{"7G54j83Dz6Bi5LvaFqkrAXdZbpmG4b8vqfhem2E5pump": 1782358227.389787, "6ZDiSZ8DkRM5Grhbm8tbJ6x52DdeQtK8gRRJQsfSpump": 1782364521.8273368, "C2Vi8BQvPjSichZ1SCvGGHUN68xufcajGN3y1S3Bpump": 1782366025.3898797}