{"9JNXNf4ALhzgPDnZkLkqguMEuVz34HRt1oTZNefVpump": 1782556227.3179724, "8j7kvT7xLg8Ramzr3K9KngGLtTKrvgReWNDvKM7gpump": 1782562517.6627102, "5NFcUdd5BqSpAS1Us6uiMAf8LoYPEY4TWvxXUr7jpump": 1782567024.8881874}