{"4SE7Bsby4HRGRsNBoXUFWmisQ61n7WJqBKoAM2TQqVxx": 1782383718.284875, "2nes9dPbTWMssKdmoNToZraHnavAnN6rPq2FBHcCpump": 1782389312.428828, "53iWWxcn7aXdqveJZA7uxWV6kGBLWrCU9PdZ1NAtpump": 1782390627.5598211, "B6MjCPXvFL2YN9UFdVEforzi7ZvqdXNb3Eetr9gypump": 1782395724.6451588}