{"7PshxeN7JhXSYJFXquAfF3xzGMSRzSXgHGCWrQijpump": 1781267423.9720154, "CQMwk88SSp84aECqjk7xfVXwcMEQouymwG7acibMpump": 1781271319.5337255}