{"ApANnyv1KP6uZaPmqhaCruMqZHHxQCACKDGCcjU5pump": 1782773119.6613157, "EDwN8HUtDc4LR8Db6w8kk8b4Ne9W7dwoY3SAKGfppump": 1782784833.0539687, "84eYhZRCr8ZWaocYvCw7NUsPh8f4VeYEohfozeFwpump": 1782785122.9020257}