{"CLrsRz21tZtHe7hkt34d8zC9t6gwLziw9SdMM6o1pump": 1784059518.9701579, "Aq5dLtgrWDeHdJgRi4ka4wV2L8v1ioTtqFy8L9LQpump": 1784063719.541476, "C6UmBDzrdJZrX2yP9fZmPLggnJcXDqCxCKBey9Ympump": 1784068250.4896958, "6YrNwYwsaZ1BqYgLgB5k67oFe4s7h8s7pfiDZ8rYpump": 1784073316.5667558}