{"3HHTWR8mSdWGmNfH1gSpsFWvysWJ2DUwpmTsnTz1pump": 1782103822.9727814, "FtgKs1pyNhgGZmhywZUmgwtKR9SQnQgD9L1cnqKFpump": 1782111024.3773699, "9id8m4u1SCAyExia8EDmDrYN4nMfPv9AqKi9iyXnpump": 1782117623.5652874}