{"CvyshCSQhbLbdQWFDCsNGaDHacefGqFR8GHUE4c3pump": 1782951916.5987637, "7sBD2tnUbfgRR1RhqdznJ3a9GNhxjLD6gB19jkUHpump": 1782955232.3186347, "GFuxoJ4XGvKgFSYHLS3NHtiw3BZgx4613GtKLi31pump": 1782957029.599979, "HrZrUSWhs3h6BxVNBna1fUHTSAUVsQNtzMu1CZBRpump": 1782957635.3283823, "8vExdwvPa6YN6BWZ2encM73G4rZhuH9kpzEr6gXjpump": 1782964516.680864, "F12gpd6JRrBnuEzhBfsTamTq5QPnNaHEcsefQ8N3pump": 1782966034.3270345}