{"8Ns4F3KvpWeYMJuozxCCZ2kwAAZYx1GW4wLyxk1Apump": 1784631320.5308204, "57ZbsHaZWsKx8fFALhGAnQmRkhr3LZtLMSvXPtC5pump": 1784631320.5308251, "DG7Ls6z3AmpsmfCk5igT8GhGEC1e1mYc4zMruXXfpump": 1784631636.1036506, "HfFXv9yraxKns32UdA2hgcMSXZaD1sg99cCZ2zeSpump": 1784640022.1423616, "6mJoQqcPEjiQ1hFya9oH6NBCQLhvS3mwVQWV9EcTHg9u": 1784645121.9520288}