{"4MbUUGzydudW21ZPvjuj8STMCkvMb48Vxxx1hTgXpump": 1784890226.64361, "7Cj9EczteUsSu1vgPXoLdVcxLqpCWwyYWn8kgwDwpump": 1784890831.3796275, "FB44zC6s2jkysjaB2NC8u6XqwhPJwir1DYFzEhXbpump": 1784893818.0362937, "Af72QENbvReeKywXQvi3GRgfWbKF8LdncwCjoQ9npump": 1784895619.694342}