{"5buZ8UuBX9eBzjUkYqKZaiFkEhXSsnSjmGvnLJYpump": 1781612130.4563596, "6PrgZw55ujg89gpyfSiefNxtGErq49dcTX6DJvGHpump": 1781614833.0617318, "5uepqtoasCu2buXfKZtFGoPJF5moXXKNDcpinsHKpump": 1781616324.7552586, "4vd1ovrYEUiTKik4mAz7qkp6BF3gPZXN6VfcyKs7pump": 1781620526.3634095, "33xAEh6P6ymSJ93jTEwjLZmt4gEsBYtfqpwAE8WYpump": 1781621430.5114808}