{"6Zt2JH5C4eBaMyK53YCKcL5CY3VqLujvHunZ7wfnpump": 1783824919.7836113, "Dia1Cd3Q7jsKUSw1MS1J4tMa7MqNALzRdHPUbiCApump": 1783830316.6814065, "DKfepNXFzvJhPyusxnAakRjk6AQazegW89HW83gZpump": 1783833642.1124327}