{"98uHBngN8bXyEpuUxkiBVsasPXMHYyfqymeYAuHTpump": 1783085724.0302157, "C6uZCKJCAipkbrwQgVtuZWyDzZSNC7CVbQiY3dWxpump": 1783090846.1803575}