{"DqJEBaa4veVartQ1XRse9B9xuX85EtLF5C1B9bCgpump": 1783276839.3708212, "NomAQD5TpLy2NSJAmNqENB3uXpUxweNmvS4NwKHpump": 1783282523.4463012}