{"HFNPkPmWCBs12aChZhX22KfDYuVAPVPjKJR8uoCnpump": 1783749043.3372862, "CzKMUSKADdHuyjmWsedeUQLCcTRFBbEVg4qvxwd9pump": 1783752041.5816083, "HnRUJYnmGhKNk9Gz6dDpBy3mPU5TkNx4d3Gmhfv8pump": 1783755044.5050209, "FLGf6NvZ5trS2eebzwhYyatHZxat4XKwBaFdXiT7pump": 1783755044.5050302, "GfqBm5bgXCm5VWZmZmRciBJ9irGiaTdJdWMSDxRopump": 1783756851.6833804, "2zP1gUkCpfsZF7SVrRY4H2Lpyk2w2Y2dNxvFksnppump": 1783756851.6833868, "FkJrB7LPuvDbwoWxfcqXEXyvtjXYFims4CNiQecmpump": 1783760449.9833658, "7NTs9FPw7tP2Bfjcn8eAJZUr4ApG8n9ZbXkT7Adwpump": 1783763121.3179715}