{"DXXcq4tY5e4PbXybyBMnxZjHVmzv1GVrAXoW5TcC5kbu": 1782443117.1390524, "HoXTLR2bzMpyaNG9RrHs75xhtQbca1EY5E62uBNYpump": 1782456319.6706135, "HZRnhPrEoddCir4thWEaSn1u6As3nxJ3QKB6rHPppump": 1782457226.3411384}