{"AWJkSP77HTYnWyWiBfRoK5nurwP4ApVw1YeEugmepump": 1784255123.298165, "2SPQDWYw34FxvfpuA522g46ozZhwpbto5nyGU4u5pump": 1784256917.7118387, "DQp31TriVnskYwgJJdz8eeaFbTAJ8MfGeX6a8bFzpump": 1784258719.561859, "EVbXayw9HEmhuRcaQVoTCiHiCeEtM39Bw9TfeVmrpump": 1784267119.187972, "A7WLqws5kE4kau2nLkc6ehXfiARBRnTssuUyMa2Fpump": 1784268321.3970938}