{"H1y1fD9xGPUt9mwCCQpLCMDTaKUnQVqys5SKQcCmpump": 1784102127.0723257, "32jdxuFmaJufSsGtgUQN6n4emvzLsD8QRBSjfqVgpump": 1784104843.313718, "HPS59hGvWCf5AdSWqFPJ3yPTJcgTEpo9Raxt32G5rBsd": 1784105441.9639144, "HJ1Ry6iJyAqN7jozMTErJHuNA66kpkDkowi7fhCRpump": 1784109918.418632, "ZBJN7EdRky5PhQATAjhazeR9v3jHne7a4g8ksyc5Fx4": 1784115317.550713, "Z365KEtG6bLcs58K4DTcpcpTGNdn4N6QkxxadGnpump": 1784115919.2899854}