{"A1mcjzsXNT5nvFsYwyQFqbv9KmxogDT3S65qCYP5pump": 1782822033.4879997, "3JHgosXW8pm1JsraMvtFhaxYjfaqowFPibM74WZypump": 1782823228.750827, "9qX3bFvow9Wre9oYpUavY99obBqihwj9jGjE7q91pump": 1782825032.1233187, "14BixSfQkgRr5Z7uqNR5P3dQBZshBC3q1MZrmEd9pump": 1782830720.0459425, "FfpUuXzXcZAg2Lrk9PAd9DKbvvUdPREniyHgXyR6pump": 1782832832.096684, "86CFcbZBJAqGVnfgnLNcw3tPmfaTigAR2UxbUPYTpump": 1782834320.4353113, "7B4o7Htqi7Rxh135TAouEemN1Hx9xXeKYysRPfPupump": 1782836120.6974921}