{"6LXTvmj6bma6noTEa9WBHpfwBqrqyJZDnG3H11y5pump": 1781642729.8938305, "21vBTF7Kwg17j2m2tpSejgNzwqgz5nQBf54aSVBnpump": 1781646927.08901, "CcidHkY7BTwNoWNEr3sjA6tfYoNXumrkSajcpaUKpump": 1781653226.1212308, "FJVis6jGFFiizZ1NSyNdKYHSTnqUWHmM5P3nyco5pump": 1781654718.3063698}