{"3qc4StQhMtbrCD74umCsC2X1sGwZTy8dq1QqnwHmpump": 1784718922.6154084, "5jvJtp5Vzi1x2NiGE2RpQFp2p4oQyNFUXFHDv7UVpump": 1784720717.6357276, "3FX6GmKUs9w4oCzGFicTEskcByHpC54ykM4NVV7npump": 1784730923.2166412}