{"6mJoQqcPEjiQ1hFya9oH6NBCQLhvS3mwVQWV9EcTHg9u": 1784645121.9520288, "6Lg8hJABEbBWHCgK7wSDp3eqUAwBvghTdeuHH3vzpump": 1784649927.8848095, "GEPfztBZqdh8nZHaPsRxd4UzzwAc8wJRQvC9Rkuxpump": 1784658021.4192016, "CH7HjcS67VPXVcwRKrro6icR4QzDD8W75NjNzD1pump": 1784658021.4192073}