{"3xrF2p1fUhmy1hoeyN8vY1WnBPeBy9WAK8em8mLUpump": 1784295624.905931, "6weTzoLKhoYGChmkhotrJhNKwZdB8TWBG7XG3qmGpump": 1784298027.5323088, "AanSQT7G6JSnyAeiSM5RzVgraAjve63UYBqbSQJypump": 1784304626.3897119}