{"4CXB7fET9wYsRRhxBYPFjNDA3jijBHVoL7EizanYpump": 1783957525.184071, "8bJ2VHrshzcSsFrdQy1JRWMmyzRXSqv6JBNTo872pump": 1783965318.9494255, "CfScUvLFRUmQrRyAavkVjTJM9oDTbSTrAeiMNGyBpump": 1783968319.0505266, "3XHWwZf8KaLtUYUdE2yVyaYR4eXRG7Gk8JU5gJwupump": 1783971732.4631617}