{"bgVgEFWjMYv7MTfEY9yLNHgSgGxv5XyxCLwpDPvpump": 1782102019.9266992, "4u7rbgiNY6nYDCURztFktAWVtvhzgnsen3rHLhJApump": 1782102318.4986882, "3HHTWR8mSdWGmNfH1gSpsFWvysWJ2DUwpmTsnTz1pump": 1782103822.9727814, "FtgKs1pyNhgGZmhywZUmgwtKR9SQnQgD9L1cnqKFpump": 1782111024.3773699}