{"4SLVH8rturi925CyqaRTJUajPBix7JNJaGL5EGoZpump": 1784027447.067086, "4CXB7fET9wYsRRhxBYPFjNDA3jijBHVoL7EizanYpump": 1784029845.5646977, "3UXSLKVxF5L6AaugmUhkRBoKETtThQwj6bD6qYkbpump": 1784031042.6728003, "9s6kzxciDgDdhR6S6CLei25w9AjH9XnQUS4YLHMVpump": 1784034645.4286478, "HjCZxEZ6JCcuHsSFkhCSV1NUAhfVfshcM5cZvegLpump": 1784035518.632008, "5eiJm3oJRXcd3Aahg338P9DFULG8PPzmCUXGoFKpump": 1784040050.6365497}