{"DBLxkVArH21e7n385R7uzuJ1vz487jZjUgmJFC1pump": 1781636130.100542, "EbnPSHXcADtYxWaFcMXh6JCWPnvkY85QrfCPES8Kpump": 1781636442.4746702, "Az1sNBBe6H97oNVi4zXDosgFHN8hWnCf1QsDDJDjpump": 1781637929.1764433, "6LXTvmj6bma6noTEa9WBHpfwBqrqyJZDnG3H11y5pump": 1781642729.8938305, "21vBTF7Kwg17j2m2tpSejgNzwqgz5nQBf54aSVBnpump": 1781646927.08901}