{"7DZuY9tjXszNdBPn56MtKBC6ypKZCjGN8pki3mAWpump": 1783244116.1497004, "6hDxh9uXFwzW4bFgULXPaDE9ykY2QYuPgem4s8capump": 1783251039.9861658, "HMX8oxVFtpxz92NeoSifkQrJATwEpKQMDjVBbrmppump": 1783252848.236247, "8YSCzrF5B36quS8feRqQeNQcDJheBVstCh3AaTq9pump": 1783254036.7936451}