{"9yzSF5JRhh7SYjEoSuQH3E34JdnAnRhQXJiXUuFTpump": 1782915631.549929, "ELydz3y7JDiEiqnmkUEF3iPqFLdJpaYseY5XWKdHpump": 1782919837.6953974, "BDbNwA95183CdqUhx2P6R3fWXbefubVbx2wNnCp6pump": 1782921320.3034592, "8M8ykoAbwcK3RkVTB2Q2Q8dbZabMTjYPpYVxWykMpump": 1782929231.490135}