{"4TNkgR5vyn9bcYzfGAGMpdYjnxkwFAZysgHe254zpump": 1781486122.7735066, "HA7YV49VFwZWPuR5P5dfVcrzRfB716vcXzcboaVGpump": 1781491222.5982592, "J4Y92jy5Lr9ho1aV41bhguytnzBbsPhZJahmaVszpump": 1781491525.009311, "Fj9JRWyDy13sVShAHYY8tCqfeu7EWiwNBuokLKNTpump": 1781492126.427259, "F51APuD9QYPxWTMA4ULYz5irAojLDUDkoyaWRQqjpump": 1781495422.9804108, "2kWatFv2qQd1ps3dT355ypSxRmDVc5yMM5eNNYUopump": 1781500226.9415488}