{"HyH4Tf3fqBNwk9yCwFuGdiE9qmhe93Jok7mQqW3spump": 1782338718.6736352, "6MbDfi8uMvyxpUcc1UKPQFpWg6WZpq4szGtg3arFpump": 1782339881.2362156, "5AAotrRLzBvojpLbT75f3x84oyhGrhnhkQatefBopump": 1782347117.7438877}