{"jAuAs3LxfxeK4vKKGX3JSrYRSrvKY3CyjWT9ApJpump": 1781202927.7481136, "3oza9n1yE7mPsugsB7AjZyeP63CNxqndo8Qwycnspump": 1781205318.9326115, "DrESFkkBLL7Bcx9f1vdGBSAq9Cq8jUeXeoM4uZBZpump": 1781214320.8898604, "8uucgKcBNbje9cAHHWZ8dhX14znsrPV1AvxNj8Mwpump": 1781216426.4266305}