{"WxN2LrhDyrGE9GqBuaLMbHMQdYwPm9p8LrDXzSBpump": 1784360422.4598, "9vFdWXxKvjVuUR93DF1cdVE759StTrptfqKFcd2tpgXS": 1784363117.0918932, "61wUXEAKGURDUCaZ1HWUjGZBeRoRBHrafCbUUyqgpump": 1784370021.084862, "DEWqTMzCTpgWB25geNJpMsnwuahTWKQVKUc75qKKpump": 1784370916.0054715, "BCyMw2vvmzh9fB6GQ4LaQ6poqrP4qTrPkYDops2hpump": 1784370916.0054786, "HRRY1Coid8yQ2HHgTTueiacWrbJ6ytsTGeXtoue8pump": 1784371220.8624454, "EDNvjVDjKVfRsqxf3C8nN2sunxctfoboE2S8aUHGpump": 1784373318.5754814}