{"86CFcbZBJAqGVnfgnLNcw3tPmfaTigAR2UxbUPYTpump": 1782851716.4504929, "A7R5i7fE9s6fbD7Em9LKuEuxhYEVWwU2TKL3Bcuapump": 1782837921.4200583, "E3UBW6jjbmTUWAkLo1zKNmtKH2DG8nCKEqaEEFxpump": 1782837921.4200656, "CdLK9LYLJFoDTqMMuPo9Wc9J11WXMRVPiwUEz4tTpump": 1782846627.9378424, "HGGBJQpERkzjF38LNfE7FFdpLit4zpyWszoyyu3jpump": 1782847524.4608614}