{"5XWFwHNTAd5sHFX559r6s7xgSFMATr75A2WKLa47pump": 1783984245.411736, "9oDndFiC7RW42vZcmSzacTKMWE9kgeqnzwXDGLSkpump": 1783985450.0782819, "EocT8aPVWRgReBBvN4DzdE1HWZEejA7HR3eesuJrpump": 1783985450.0782876, "3P5Edku2y2Ue148SQKUqc14wjBghEbySXLcANvG7pump": 1783987519.0146353, "6GMpet2BjRvcYvMvrfH1No3JP11bFJ77KR3727xepump": 1783991441.6150815, "FN7GB2Mf4pw1uH3ZLYKTP87DPEB1YGDY5U5gnQA9pump": 1783997447.617404}