{"3XHWwZf8KaLtUYUdE2yVyaYR4eXRG7Gk8JU5gJwupump": 1783971732.4631617, "4R8MXfLtRcDUh9EZwzD1ciwiMrpdDabUYdnPf5V7pump": 1783974656.762098, "4CXB7fET9wYsRRhxBYPFjNDA3jijBHVoL7EizanYpump": 1783975421.1903384, "5XWFwHNTAd5sHFX559r6s7xgSFMATr75A2WKLa47pump": 1783984245.411736, "9oDndFiC7RW42vZcmSzacTKMWE9kgeqnzwXDGLSkpump": 1783985450.0782819, "EocT8aPVWRgReBBvN4DzdE1HWZEejA7HR3eesuJrpump": 1783985450.0782876}