{"Ay6CKPHx3KkfXmFo9kFA3FxagmUWDGQzsDZdzBafpump": 1781926821.4601717, "39iFqCU11wXeqHEKmNVnkrMSGwe1K4mqEqEErJF1pump": 1781926821.4601805, "DQjXSW2MrNqKfq2aLXTpw47atLnkdm877gRHPWMVpump": 1781928319.1593485, "3bBQrzzq9DRXXFfC9nUno9m1MBm9Y7dVnBBK44bVpump": 1781931019.8750088, "wXPUeqGKWu9mmDEpVvm3H4zHFGY3wN6NZGN9LCMonst": 1781932820.5711005, "DSNXz76SmrQRyCTEsSP5cNCgUKBCCDk7aCmDJ6dbpump": 1781933423.120327, "43NZ6oFmctFEKL9D3B5LoTHJU4ibtZPhSTk29Svxdiso": 1781940316.984469}