{"TJENWrtTRHFAkPoCMtDxSLUd6tHuHiZgpFWiVqVpump": 1783854095.6587772, "FoMPmAg2USdhUVfiZMGfJjKqfB2Qok1hqEBAvhYUpump": 1783856718.4002986, "F2q8tVCnykKggK9SeXMgUfyUqEawdi8tPd1JnRmrpump": 1783857045.5076518, "Gs7kpzn5JZo3SSZ2o3f7E6vuKmFNF6qbSLXyjo7PSWyP": 1783863922.9831522}