{"21Xp1ukfzY6dWFYFRJmp59iCgKDJ61CHMJ8dmG9npump": 1782302120.2826126, "4NborgnPENJYf7U2ENHdmRvzsVftZhWo2Lan8Rv6pump": 1782302432.5884173, "2cmdUtcmWaGB4NUi92SHu1k9vUQB89RYNXh149ZDpump": 1782309024.551627, "Cc2ath1QJ3WDeYqxvrPVj2eiahA19HcLqntqqxuVpump": 1782313231.5877645, "U9VckoryDRNnbQdr1DSYGT1zaftPFJmyVAjgnf5pump": 1782315620.5620365}