{"7Ka86KfuM9nfm9YVjB2845rBu7tYvXPcRhhzPLDpump": 1781721629.054995, "GYLwtKNmTKSChXCK8C5u1SJev32mN6u7nTTVnHh5pump": 1781723129.0684006, "yMJPZbnhoHib3ib8n8PfiVcp9yauk1vnaGKLx7epump": 1781728237.0833917, "8ZkRj5aHf7aPF8xyRjzXYvv7pvRM4uLsbXX8J3Hdpump": 1781730034.4802158}