{"DCjuEdUAaCWD7ZNHqMNjaN2dE2EsAQtpP5Pswjappump": 1784457317.8198879, "HbGVzMdUnxQu1dYcWFQYU3LboHF32rwY9Cem1WZ6pump": 1784458519.2349336, "7ngrUqUvvnt1SpMRFo4rt7CG5CVscXb9C9ngHPr4pump": 1784459720.113682, "BJZmYWFbgNwYyxUnCd8Zio5zxSeD8R9n99nnHLtBpump": 1784460916.022606, "rG2Q4Re1fSNLbbnqN63N2whNSTJ9yQaa3zsUKg6pump": 1784465124.0583746, "4gRYGyDP9Jkdt2bi9LN8ZKwwd22UfPYAA8bRA3Zppump": 1784468546.2224078, "Dx2MJutrQwVxJ3PsdiXBzJdVkvVrPYCVc39MbJQUpump": 1784469318.428562, "AV9if3eY6XCSqbG5PwPemweHMXm1o95tcfV9asULpump": 1784471717.676693}