{"4Rxa43qXYHChzMTvdfXvzt76Po7qWe7afGKQwbk4pump": 1781424320.4934263, "EQHgekT3TAyNqXmENfgbexxzBj6rQzXV6n5nEM89pump": 1781434829.819225, "6bB673XdJ5En1FC3EKD2Uskqy7E8ouZ8BEeBh1fupump": 1781435718.5497565, "6578GtAGJ3wmr4xVVXiYCZRswwnZmiqp3zu3iFrVpump": 1781436323.2983055}