{"CHaKvkaRyt49GnnS6bXs6oBRLDMQ3XwkYsmueawz9vSY": 1783542916.4281201, "4gqUH4qMtkZTjeenrtVmcQXKEYg9aBUC8j2kQao2pump": 1783545042.6255016, "J6GCsmzk22awCaobsqnRtZXsBPabjPkcqPJgUrNNpump": 1783548058.5336206, "9firESEtMrb4hqFxtb7xCAXp4jAuoW8mz5MZwjJ2pump": 1783548647.9829671, "5whR534GcEEmrVPedDPZgWLXKQX3shhHMcdZ1FXCAMzi": 1783550443.192043, "F1ceHtyqhe8gdcPb9ix8zyoWPy63Mx3m2WWL6Txtpump": 1783552522.4025455, "GAPN6E5uEEfpvsycB6s5xYGwNLyt3Q3rwoKVWLHfpump": 1783555253.6401207}