{"8vExdwvPa6YN6BWZ2encM73G4rZhuH9kpzEr6gXjpump": 1782964516.680864, "F12gpd6JRrBnuEzhBfsTamTq5QPnNaHEcsefQ8N3pump": 1782966034.3270345, "3r1E8wmZij1rDaBj9pFrnXfeJoDvr83vZnHRGxqVpump": 1782967233.6725862, "2MjTWWf4bneUygy3qBpAGZyCB3XMjzXMPHH11KU5pump": 1782969628.7291658, "tDSGiajqBprHZhCFi7W9mNeyxbGSJx6f7isimLuQyum": 1782971431.6093824, "Aq5xPymP7NrmPCSqBZQUJYEcDbtPUpKkWjcyyGqWpump": 1782971431.6093898, "6yvEyLV6JyRQq1Jsm2Ys7iEb6pDtkqi6RygycyiXpump": 1782974119.0522547}