{"JSe8xojfFPkcjP1xqQGCopfKrwLDb62wx7HMCPLA8Sy": 1782471626.1927688, "9iLSeMNMbaA1BUV6TgLJUi4t7NtHsDsvFjCRS5hmpump": 1782478218.4298458, "4VD3s96wD8SYdiEDt6xHXM1oof2KveZzxRmZfqospump": 1782482716.55402}