{"CxoR1nP9W8Tc585ziwA7VuAz5rYUJEXz9CwwNpnpump": 1781283624.9095757, "AvxFBjWydMYWD7C8pHzSkGxNYAFWr7aNBbAKm84bpump": 1781286317.5771868, "7eCge3f9GGnoQzg8uFCSpXFyLF5SwYBo6HNuvRF3pump": 1781286317.5771935}