{"35oyexXQXm8ispRAPL2NnWSS1D1245BeLG5JVsgMpump": 1784586318.3142502, "99RP3S1J3CrJvjLCtmwbhadDeztaVYoby6RcVsgkpump": 1784594423.7345502, "5Ch4nxMkhaYn2W41Lfr8gsBWSU7AdM8bUQcpL9UMpump": 1784595316.6657262, "5p9wWoHsUe3dA2YWWuV5LKW6gjkRk2JvSCedPXfhpump": 1784596517.985909, "FhaCSvtpcpKJbih7p8b9kkEXhagz1yDLXvBKaQJ4pump": 1784599820.137713}