{"6XLV5xsr5qw4YJaHuwACSkPh986Ekys6gRjQ3WStpump": 1782177995.7341588, "9Cbtgagf54RDogVeTf2t5hY3CSxXaHsQByg3ZU46pump": 1782180922.5014646, "DrpTcx8iXAzbjQ7yP3wsvCvFy4ibhnFdxJTYvcqSpump": 1782185718.2549686, "BoYdMLSwk4WKu3CAy593hsx5ZFwY8776M8zVFvgMpump": 1782191722.6211865, "6MBRUitgt22meJxqpcgjLjUQbrqxuJ8RwHA14ujrpump": 1782191722.6211925}