{"77x1fCskDLaiZmm2uZKEhARSCD2B86VaahTkK2Vfpump": 1783486849.3847616, "35zP1UMDVG89BZBk8kg771Cfj7h9WzbYVwdgZmVwpump": 1783491646.76841, "EpMFXezFUBsraAn9zUEgGjSW9AyGUD1eNnnYNibnpump": 1783495851.6004078}