{"BohiYrLdvMgsqtzHz9azWPT3xa8fK8FmRtF3Tt5Fpump": 1781869822.1822069, "FhhDi7qyJqn2Gjt6k3574NrVi4awHqH2gKt1WJe9pump": 1781871622.5330815, "5kuTkFHSha6Dc4po34fhHVYfUf9XzqFSGxRN41rmpump": 1781877021.6241658, "Hepc74vYP9HUBJ25yFJe63XEMxx9TpWAzChzxUe4pump": 1781877921.803791, "ERNxcKwUyvhNrMs5xxVTyhd1yzg2CTft4X95ZRb3pump": 1781881825.173914}