{"2tfAfiZLmfRjYNoUgQY4pxfZXRSNVK4ugM52p73Vpump": 1783658718.4971206, "ART32E27WpSJeWY9cQaKqbQXcH7LpBXHo3MRV3ENpump": 1783658718.497126, "EeDj9D55dwVJDnxqMpxE6A2mgy2HWj6oL2kmu4Z3pump": 1783661117.437086, "Ew5Tg3z4wtD7dVVkK68L2JqVTUerQHfYSMuCYjtApump": 1783666325.5990493, "FtxMtQmupaXuMX14EA8esBp13qWF4xfgij2BG6U3pump": 1783672250.10491}