{"2aCRx5aoqxKyNTT6tiJjf7KECACVEWsqHD4Mi2MQpump": 1781293223.3561916, "HdeAPoHivsm9MZfeY5tW7apJEprc8Fs594bWmnzfpump": 1781295918.9153364, "fMjNQMTk1qyroKRerqrSqDXMtTqGHCoXiNzAH6Dpump": 1781300720.9628098, "3DMmoaXfisdMU98W5ao5uAw5NYGEGsw7rGg3VpTDpump": 1781302521.5959675, "AZoKrE9trH5XcK5y1jBUqFjuP2GufUHu2ndA1HGcpump": 1781305235.946028}