{"hZ5KWowmySGbKVuGDhRTsPPrYCRfzk7BxLKwpg7pump": 1782898517.59014, "498DeYRS7AtLdE5wbwXbpFtinMTDTJxuvfXMraDDpump": 1782898517.5901484, "FtWD7st7o5fp6sJ5NTp1jLY1qaRjibzYDTe3xSYpump": 1782910234.2764666, "BJYbq7654XAuXwb4W1YEa496PBR8gX31c2N2btYQpump": 1782910840.511327}