{"FhaCSvtpcpKJbih7p8b9kkEXhagz1yDLXvBKaQJ4pump": 1784599820.137713, "BQFLyvQvrbEpMKaxnjrWg9e1dshcP5kUTBemGzFMpump": 1784601621.5134363, "5FSadVsJGbpTvdfrAVtjvxPeRsoDYCvRAe2yWWQLpump": 1784602517.1465087, "4apbk2ggCXWgQGTjhEgG6ZbUR1YniM9TSHrzmderpump": 1784602832.7578554, "cjPhpF1GVeA7AGY3i1MtiagT8o9G4wJ4Cvkvf9opump": 1784603719.8335292, "DyYKkL89P56gUr7jwNWwKDgoxj65e4gbzVtHM5GFpump": 1784609715.5229018, "9x66fFR9gU9TLebkWDDSdbiig2nx432YGE9qqEypump": 1784613019.625834}