{"EQH5XdVy6531yQ4g3qNAvUiFru4CkJcjy2PVUBc1pump": 1784164519.742847, "ExCALBK63oJHxoDTgEPspKG7TFuhBcEgMv6YiyApump": 1784172918.725548}