{"5etbzxYXjuCojfsbXGuML3nJeyr7Nf8M31knLACcpump": 1781191523.5538204, "2U4DFifmABewpkZSNXSnZ6du365eXdZvQb78gaLNpump": 1781192424.165022}