{"HJQC4xW9k3gxstQ65UjAwq7D9EQ38NaJiQNayjPopump": 1784903715.3791866, "E2FmvFQXzqgDUcYL6fYLm1x6u3gxq36upWLqdqWbpump": 1784904019.4212413, "G6ugqRMLLeBr4UmkmyyQ4sHSisC1z2DaUReHanifpump": 1784905517.8303654, "47rdPyNcD4jgbnzdCNVA2bFncaMNt2zSUyVQg8sLpump": 1784909774.3060927, "DQkmbKM21tegRheCiX7DT7xqCB4TvD7DJKNaxkHXpump": 1784913630.3181403, "FJ6XzNmeFtcKfbLMfQDkeyAVwEnyyhLW87DGdi4Qpump": 1784916621.833852}