{"BmNASdTTgXc1AhvMqFiPBKp3kwrPeHchn7LbbWeSpump": 1781895625.6230597, "9G4Z9wkL851RZfMFHQETQ6v5GSNqkUTXC5oBtUXcXw1W": 1781895625.6230652, "5GF4wYym8VztQ4GHXnMu5YK9zerqLqgWWWvR8NZLpump": 1781896223.7889805, "9kwT8gUEMKQhnmc4mVb2iUAybfjzvVMM5LwffKFcpump": 1781899226.5126066, "2keNddbkCXnp6AraFLuC5RwLjWRQSQZrCiy22gd7pump": 1781903118.875299, "8KeiqwrfdEuMqwL4yqZrrcbE8jaLLUuYwqDVZVzppump": 1781907919.4308226, "CKbEiYzGRxDe9Ecg1xxXhxNcAUY3BCmj2fyhA8qHpump": 1781908819.8882842}