{"GW8MTtecmzZbE56YRLF1nNcAwhd83aoksUmnEe2Qpump": 1783816251.3858826, "gsoZaYPVioFi9GRaehCnvNqUSNWYNZNVKT9oyoJpump": 1783817719.799788, "6Zt2JH5C4eBaMyK53YCKcL5CY3VqLujvHunZ7wfnpump": 1783824919.7836113, "Dia1Cd3Q7jsKUSw1MS1J4tMa7MqNALzRdHPUbiCApump": 1783830316.6814065}