{"F612mB7c9pXAQjGysAeh4vesxauKtjqi7QFmzxJQpump": 1783560039.1914456, "gCETSgf89gXTMZGSDWamDvmjoxypsJL55rjf2o4pump": 1783562166.4043546, "Fsuzfotc8CSpFPzQDMpcFh89PMGXXNCx2siGed5Cpump": 1783562718.3465068, "2A9bscgi4N8gQxpMsR5HdgzN25q5setem8du8TD5pump": 1783566644.149092, "G6cHLEwYHyZJXBhKpSWMU6RUtcq9HM9UTn2cTEdKpump": 1783569917.0632381, "HnkB6cP2fEZE6KwdHwLEdEEDT8J5kUGPL1wFRqd4pump": 1783570241.2720025, "HC7v5XAPeezyfsRefPrmorXyFyKNwnK4ZQfW8biTpump": 1783571717.9293811}