{"7Hab7CRZNUepzDJwAYbVKWV6uWMDD1vFoUC4wwK6pump": 1781910322.2305703, "57t2K9HW7Bn2m4y67tGd4GFQ7Q3zpfHSWCgYXPVWpump": 1781912724.2516115, "443HdXFos5TKz3RCTXhRaBRoSFccTLmKyVMGnau1pump": 1781915122.2850468, "3ZSe1on5XfT8dACqeTBbcXhtVU858ihefcQgL3DWpump": 1781916918.0281756, "7a2qGcRdXFtrkJPAPEBh6Lak88GzG8A6tk878qVPpump": 1781919628.0326672, "9gVWVw7kfMaUoF7Qx2MFs7VJk3o35YG8sUG6pec7pump": 1781920520.945135, "DCRWqh2YZVm71eX8jvqFQDXiYjyRfAMWSYDSS3uuV5j8": 1781923824.2386117}