{"9kwT8gUEMKQhnmc4mVb2iUAybfjzvVMM5LwffKFcpump": 1781899226.5126066, "2keNddbkCXnp6AraFLuC5RwLjWRQSQZrCiy22gd7pump": 1781903118.875299, "8KeiqwrfdEuMqwL4yqZrrcbE8jaLLUuYwqDVZVzppump": 1781907919.4308226, "CKbEiYzGRxDe9Ecg1xxXhxNcAUY3BCmj2fyhA8qHpump": 1781908819.8882842, "7Hab7CRZNUepzDJwAYbVKWV6uWMDD1vFoUC4wwK6pump": 1781910322.2305703, "57t2K9HW7Bn2m4y67tGd4GFQ7Q3zpfHSWCgYXPVWpump": 1781912724.2516115}