{"2jbA4D1YSPnH9beyUCPQSBhHqaDhbix8HYYrWQokpump": 1782140728.1751306, "12iF3zmphd6VcGNyTTWvyjZR3kGC1VcXWvQwzxBnmEFo": 1782144275.4109921, "6jbx2PGZfXNaXxXSLzsUse5xQet3E5qnJqpMRso6pump": 1782147634.7491767, "6NHhK8q5cESamPxmQodjDEj5scRM3VoyP5i9drhCpump": 1782151826.1081314, "SwuKQSbzNVcc2Gh7PTLskGu5U9v9w8Lgv2NnA292uok": 1782153330.3017797, "GFziLKWd2JX7XpzGMCL5fpWZfZ2DnbCraPkTkF5upump": 1782154518.7457426, "DXEkQNEDw7LWrkVSUZJrLeNzDgtxcdJg5KNqFYjDUnRJ": 1782154835.4077818}