{"3LZL5cXac86U1ti81V8GEA1qoj3HenLfnJMcQo7opump": 1784200244.9604766, "HbPk9A3Ho3QTQhgiFwfjWZQZWXr46w31q2Rm9VTJpump": 1784205325.052251, "3QFvseNX1Fdkc6SZV4AT2BfSDvMUH4xQDY1H7TbPpump": 1784206849.4739673, "AApJw9BntbC1RCdANkXHwmRpGxZLzDY1p81hcxkYpump": 1784212253.427647}