{"Ch1vdFT6dVmkVLbJkBXGBv8iyhWv9ik1C45cYNsFpump": 1783895118.9156208, "HYPNox4SAnMqNC62sGoKirmf2fz2YpWTSQSDWdAgr7ip": 1783896045.350926, "9kd4zUsuXfqp5UQm2JY7fkx3DaaAzNphLWw9YmEJpump": 1783897249.2104886, "6QPvGr1L7aXGybpGKvvG8LtFDV9dRzK6QbSpRNJJonYM": 1783899641.4588976, "HhcGFCkKddPLHka7ncFiNLio8wMdYjXKKux7Krfypump": 1783901117.3004827, "3CChnMXYAuFfoht6LKGStSbE7FwJcTEbW4JgEp4Jpump": 1783907439.9013894}