{"7G54j83Dz6Bi5LvaFqkrAXdZbpmG4b8vqfhem2E5pump": 1782358227.389787, "6ZDiSZ8DkRM5Grhbm8tbJ6x52DdeQtK8gRRJQsfSpump": 1782364521.8273368, "C2Vi8BQvPjSichZ1SCvGGHUN68xufcajGN3y1S3Bpump": 1782366025.3898797, "E7wbcQSGnuC29vNeDX8SrosiD46piaUnBHTg5X8apump": 1782366322.8829694, "4vZMrPEimCDZNLsbT3jjGTnpnvPhJZnnzo8jgVDhTCn1": 1782371425.6583343}