{"CxoR1nP9W8Tc585ziwA7VuAz5rYUJEXz9CwwNpnpump": 1781283624.9095757, "AvxFBjWydMYWD7C8pHzSkGxNYAFWr7aNBbAKm84bpump": 1781286317.5771868, "7eCge3f9GGnoQzg8uFCSpXFyLF5SwYBo6HNuvRF3pump": 1781286317.5771935, "3BvJQ7j1NnFHg2L7PbkfXcVkeVfzoEJJamoN1KaDpump": 1781289316.5033574, "2aCRx5aoqxKyNTT6tiJjf7KECACVEWsqHD4Mi2MQpump": 1781293223.3561916, "HdeAPoHivsm9MZfeY5tW7apJEprc8Fs594bWmnzfpump": 1781295918.9153364}