{"J6t49YdUE1T6QE7yRpqK1WxRzKd3LJyJyuqTr9Jbpump": 1781335520.3845623, "6Fnnq2bRqzRkodesB4edt8EY3Vmx3rDay4PA5Caspump": 1781341829.1362739}