{"FWHC6wXLNVx9B79H7QtPTpxJge9DoDeQLVX4BbhXpump": 1782617720.3241622, "EQyb11tV1NGh9WWZCyyn6zwEFyDKbnQutjtTRszgpump": 1782621025.132537, "3PsNkN4PmeBXPds3UUK4v553rWGWGSjTJVRg4i2Ppump": 1782621921.3342276, "4NXfiZxtB68CWL4qvniqKJBVLEBnF9ZzcnjLBC9HTuBA": 1782626428.69868, "DACQ6Z5xoB7Bb1PcEFK67zsUSphYhLaoVr2TCn1Ppump": 1782626428.698687, "65ziy4F2P4rKAA6Tg88S2tXMBsa4SMB1b3JtmbQypump": 1782630318.4179513, "2hci7YELD2n8JREvP3LXbPJSx1rJnDb9fBZyP6iUpump": 1782632117.256822}