{"76djbEspuQ75GnySUZXae93xpi4x3rrE31ALdC6Lpump": 1783632042.697152, "EUFdqYcKPrNrraJuKjHGtAahxmG9Y5NM8voqSbp1pump": 1783632922.1132054, "ExiWoW5YLy2uGzdWzkXdcvt3RgEFacYCJfrVt4f3pump": 1783635644.870697, "GmomouzGr7a1Y7yp8RxM6a29iZFE1B5RrfPQdRggpump": 1783638048.2561283, "2cEc8AKGjjCeYNXod2f9aPuSdoSihzK6Br6ceCwvpump": 1783641157.901266}