{"4fPV1ipmB2LsZP3N8XDkrpoiPDCRXzSpmFNkkp2Hpump": 1782070226.0275679, "EBjg3JWXcLZ1U5zxMCoRppeuZZQXXQziniFLLSmfpump": 1782070519.4471724, "4u1PPMtchn2BtMJRKejdk5UXF23wn7BDG34PudTVHXm7": 1782071119.6401706, "HB1gA6VJocMKnrADJUhKLMGtb71CWTQUpSTGyDnppump": 1782079826.9585245, "FMoxGJH3Dj8116EoizswLv4QnoU1vbEb8U7Rt1ihpump": 1782081621.0597975, "4yqJdaHzyhKnk9tr6aoZE6y9RZM4akX21esM1yBFpump": 1782084317.843129}