{"842Ufbm3JM68pQtUSJLjruULRrN9WTZNuM2UNDWCbonk": 1781448022.0004058, "pnYrxqat1mz9j7qCcNmouwJ63DR5siHt4jLWHwspump": 1781448918.0229232, "7Ax7q2sL5GTd77DdYsoT3TpxCXBSv7KBRB3g56Lzpump": 1781456428.7789874, "HMKTGAvaScJawgjmMZKxghuc58QABg6H5KGq1biapump": 1781457625.9238813, "mk1fBU7v78u1pHkf2gKEYv3TNECG5oXgKDJxReApump": 1781458526.8534324, "7KEyytbnnZCnoZ3QpLgH2gnoGdu864GBw2Q94AoRpump": 1781459119.797367, "7XL2qVF8hsRDaxxbmjmrMpi1FRFkGeoErTSndmPUpump": 1781462126.0772343}