{"D5A4Bz13ozKo7PDUqzWyyxpryScrHBm3q7j6L6e5pump": 1782855037.8952549, "3ZJSefCHnGyFUZzHwneyie847FQXNc23y9Nmt9ADpump": 1782856227.4011898, "9LBk6PAzw7GsVR9uTSoGFkfG5ke1fBnhjBfU52Jipump": 1782859519.4016042, "H8ZbgTRLATrzaMGpEp5qyhxVrPkh2quLq6hoSvEpump": 1782863427.5807753, "GAefbsZef5zGjacXf65ioie8gzHEnS9xzSWNZsxFpump": 1782864628.3562362, "4Dx2kjBaXkGA6gHb538c2MhSKsxu2it3qZaABxvMpump": 1782864628.356245, "X1Yo3htDgh6yus6H3rMMnkpiVTbcrDYn6KWX64cBuLL": 1782865833.8649764, "Fz7ZAV1UdCfMV8nWFGHaU1EqDUS7HD55ibTENYGHpump": 1782866718.0663304, "wApb9bko9dfgQHBQVYkwLJy7oYspsF3wYWBuGgKpump": 1782868228.9450963, "UcRtytWGPPkiJDx8AtJEtAu1Yt26AkaZZRPA1pJdwnd": 1782868828.9509127}