{"BF3Zmdr9zQ6jrx4TbmK6z987EL8HEegmdmBvyHU6pump": 1784056247.4108872, "CLrsRz21tZtHe7hkt34d8zC9t6gwLziw9SdMM6o1pump": 1784059518.9701579, "Aq5dLtgrWDeHdJgRi4ka4wV2L8v1ioTtqFy8L9LQpump": 1784063719.541476, "C6UmBDzrdJZrX2yP9fZmPLggnJcXDqCxCKBey9Ympump": 1784068250.4896958}