{"HHAaKxGSYomiwHeH4aPf5Lr9aqRLaYLNqhmrfBDUpump": 1784411120.50288, "9udZf7isX37XgygdgP2uBy5WXBaM3XvcxtGRPCrmpump": 1784411420.509326, "8X8QX36MW7fg2VG6PPNJqUozYcp9BnkJtmn1eZfhpump": 1784411719.3857777, "3dtKm88TbzAWktLsXS55gCcVUkwVFWsCBoaTLbv6pump": 1784417717.6885543, "8YyFWfzAk8HrGscVoPLGmZBiA9BuaakuUTiQn8yJpump": 1784420128.8843455, "HV1qExf1wqK2NLPuHpucPbCgcZsQWKBPtVqeg84vpump": 1784421619.418711, "JRYzvYQvfvQH2DezS6nWpAQqkGSU7GgMkvkw95R4C7o": 1784423295.9111707, "FjQLfuiXwHpf1XCCfXd2LqY3fJSbf38Tp7zmMWkwpump": 1784424624.175634}