{"GdAKxh3N4GTXz1igTwLsJzMPUVutyiD4aSenhnJipump": 1782222930.3931262, "72iZDQ4JtkiCDkxH1eLC3kbYdFkufqutgcUUeSpGpump": 1782229823.3000286, "G5gbLBkVudpLeFHDGJw7s6gRzUctSBTWW2LKXF2Ypump": 1782233425.9432425, "GCp29oCb56gnvXaxur2RmQ6MDF9pac3RN85PVma5pump": 1782236124.614462}