{"5LnUt77YtGAR7TUhQqwth9W86krBtxvv2tnGhtAJpump": 1781253920.5076084, "7PshxeN7JhXSYJFXquAfF3xzGMSRzSXgHGCWrQijpump": 1781267423.9720154}