{"Aq5dLtgrWDeHdJgRi4ka4wV2L8v1ioTtqFy8L9LQpump": 1784063719.541476, "C6UmBDzrdJZrX2yP9fZmPLggnJcXDqCxCKBey9Ympump": 1784068250.4896958, "6YrNwYwsaZ1BqYgLgB5k67oFe4s7h8s7pfiDZ8rYpump": 1784073316.5667558, "AQDiV5brA4C8r7vHNGjoXv3QjRmLzjPSB9Hg5piVpump": 1784073650.8924255, "BGfwT1DqdZetx3AaWFggdgpTXvTatvUxAua8wFdvJ72d": 1784076644.1239839}