{"CSWM2UWwcSb5GeYcs1Nb9jaPsm1aBrSY4jZqTC3PqAnk": 1783359929.2336674, "4nGWFgMAgnKxdm4wtA7TyscUtJoagMHX5LDqHcC8pump": 1783361117.763182, "Ekfuk7zsnosnsuE7wrkdRogV7TmtsYi5HYiHpF7cpump": 1783362047.7023876, "FSS6412bQYgcpF5sKwhXq1cv9TgktHYsXJnCzFahtxRK": 1783362047.7023935, "6RfknWcRCQrCfYhV2vtHLb1eTeknqF6NG46RkYzHpump": 1783362919.2375276, "AVVLwZcNnts8JffDiEZxLNXGk9nLAzRr6hf9KDWapump": 1783369517.1166735, "soJXQjcm3gPgGXJHPsybMqLLeEBCJAS3Pi4jKHvpump": 1783372065.13605}