{"FB44zC6s2jkysjaB2NC8u6XqwhPJwir1DYFzEhXbpump": 1784893818.0362937, "Af72QENbvReeKywXQvi3GRgfWbKF8LdncwCjoQ9npump": 1784895619.694342, "9CoWKD5K96LcTrtGeap3rUJTKL7mnaEDxmaVNoWfpump": 1784901918.712931, "DEB716JxwWmb2XmEJkEBoxm1SFYGg6g9Fg8rPCHepump": 1784901918.7129366, "HJQC4xW9k3gxstQ65UjAwq7D9EQ38NaJiQNayjPopump": 1784903715.3791866, "E2FmvFQXzqgDUcYL6fYLm1x6u3gxq36upWLqdqWbpump": 1784904019.4212413, "G6ugqRMLLeBr4UmkmyyQ4sHSisC1z2DaUReHanifpump": 1784905517.8303654}