{"842Ufbm3JM68pQtUSJLjruULRrN9WTZNuM2UNDWCbonk": 1781448022.0004058, "pnYrxqat1mz9j7qCcNmouwJ63DR5siHt4jLWHwspump": 1781448918.0229232, "7Ax7q2sL5GTd77DdYsoT3TpxCXBSv7KBRB3g56Lzpump": 1781456428.7789874, "HMKTGAvaScJawgjmMZKxghuc58QABg6H5KGq1biapump": 1781457625.9238813}