{"86CFcbZBJAqGVnfgnLNcw3tPmfaTigAR2UxbUPYTpump": 1782851716.4504929, "AGpsaUA2cZnhUFeFDKAiv2TXZc1UWqnaijf6ms2ypump": 1782852629.808164, "V1qBxZ72Ae5eDCP3MVdgW8S8RBUtcJfk6pzdimspump": 1782852918.8842661, "AP6vhUNmXXPiccsRBVj3Gct5khAU1ytjwBV7vuNFbonk": 1782853242.0608163, "D5A4Bz13ozKo7PDUqzWyyxpryScrHBm3q7j6L6e5pump": 1782855037.8952549, "3ZJSefCHnGyFUZzHwneyie847FQXNc23y9Nmt9ADpump": 1782856227.4011898, "9LBk6PAzw7GsVR9uTSoGFkfG5ke1fBnhjBfU52Jipump": 1782859519.4016042, "H8ZbgTRLATrzaMGpEp5qyhxVrPkh2quLq6hoSvEpump": 1782863427.5807753}