{"DrPfiBKsHjxCK1Un8SQxf65V7v5vXTcuodrjg98Zpump": 1783687847.4741838, "JyJWcxa8xPwgKZFT13mPyDymLrjXhxkQTTyTJC3pump": 1783690516.8156476, "HcFUgXHEJWjZfDFvyFXDfVRkq5VTzJCfXNpJtcQ3pump": 1783692642.10862, "FrtbBAaSZksfh4oV46E7Pvb43QiiUmYLD3dcGS6gpump": 1783697721.1183147, "DXBfgTuGuYxpWM69NQ1eJjDseQnRUSt6esVnc7eXpump": 1783697721.1183207, "7Hn6wAEgdjiz1Ca9eebxJo2G91uBKCmLkdShfnZupump": 1783699247.6850345}