{"4NFFu85ywyMMF5MaNqi3iwu8iF498vvS78JjsUGdpump": 1784487927.4243248, "2GU9TB56hem9mYVV6N2o6A5TtsyV5w8R8DHiXZ11pump": 1784496919.5245678, "9cnYQDzwJBUe1LAZyM5ZnnXwcw4Ec3RVAwk5c72Xpump": 1784499321.9121, "6LLNiWXRZp8hn5oTFTHEo8ERbJS3QJfHSKhnTCqipump": 1784500226.2060184}