{"12kNKGQDKZgx38FUvGA49eVhs1zCbUShWaz825cXpump": 1784341520.9460492, "A5RNutLXS17ECqhtWjgCThbgRvhMrQo9Aoiq5EVQpump": 1784345422.7936566, "2q4nUEEXQQsKARjJffeF3o7GrevHq3mvWXo6g3fypump": 1784355018.2007267}