{"Hy6xAYi4F3ybaW5iHi9c22ZEpgwfmEzsVCdozcpkpump": 1781517320.7563663, "5WrhAdqrtaBqzjoPEQ4bVkukQGCmR9mrcKeeifCKpump": 1781519433.9606, "AptCc7pmHrcnvouoSK4nKdQhLC7B5qA4r8gZaSTcEnj7": 1781522424.724507, "3YNCESdqhSgvsD4aARHC4rdqXpjyW9CWjosH82hNpump": 1781526027.4156442, "Dy9rwjKXeq56S9kF5iYKHgUBdJM4NdKZ8zd5Rcq2pump": 1781528727.2862978}