{"4vZMrPEimCDZNLsbT3jjGTnpnvPhJZnnzo8jgVDhTCn1": 1782371425.6583343, "CQzNEHjLn3CGVCDet6KFgoxshcCtUFWEfrQe4rTR1V1A": 1782371721.062889, "Gnrtk2RCbHZ2EwR7Cc6GU5nWft7ZukrJZudDb1Tupump": 1782372919.89395, "H1sQudtq7uxDYZnBeCBNUdDSUEAMUw6JPAzKiayvpump": 1782375320.7468743, "72T6RQLFc7TVn9EGEyR5iZqPFFpGAiZqov5QkzKypump": 1782377122.4332252, "4SE7Bsby4HRGRsNBoXUFWmisQ61n7WJqBKoAM2TQqVxx": 1782383718.284875}