{"DBLxkVArH21e7n385R7uzuJ1vz487jZjUgmJFC1pump": 1781636130.100542, "EbnPSHXcADtYxWaFcMXh6JCWPnvkY85QrfCPES8Kpump": 1781636442.4746702, "Az1sNBBe6H97oNVi4zXDosgFHN8hWnCf1QsDDJDjpump": 1781637929.1764433}