{"soJXQjcm3gPgGXJHPsybMqLLeEBCJAS3Pi4jKHvpump": 1783372065.13605, "89ZvFeuJqPUJAfDkdANWmwinMj5UahaaWT6QgheTpump": 1783372846.000514, "sMYyVKxdk7EZbbd2bEuj1RVxohSXLXrKCf1JsfhoZWo": 1783375844.5874314, "3nuRVLGJQ8jroQG4WSpnZFMCyoR2DXzT38bMQZVDpump": 1783377047.1334887, "8jayQDfRc3GYxftBJ2VAwjqmRBdYPC9KnjY15rc9pump": 1783377475.6925328, "38ov9f633i3usgopDfDxUtTJU5VC6B7v7xncuevfpump": 1783380319.118489, "6pyY6QAr4xgXmCVyrWMq6amXaLFsSz1qdPzZucqQpump": 1783381245.3376343, "93DB6Wsm1QjxXLXm9eEtTkUCpkYD69XbfgHoZBSpump": 1783381526.6296942, "8WriveNmX31t2imzbK6fH974p4VFkddsgzfydZAJpump": 1783382451.3437023, "HBibqRqqzAbnvZ4ogkcma6nzaoNWgpEimajVjHA3pump": 1783382718.189578, "3oCAAqNwRfkUJAMgJfoVZtDpaD8PbPhQXsZYyabUpump": 1783384249.0715437}