{"2T5Sj2YiLuUQwjuDfv9qjCWPSwbfHcbMkFax4zV6pump": 1784047244.9609559, "6fkhFEPL1KjipJkAuJg6gCQmHsnvwfhJXUyjV2Tspump": 1784048115.2112482, "4p37V4YA54Jou7k3TWnwxeDXqtB9BQRik6NL3noJpump": 1784050518.5477679, "9w47d5K1Whg4HoGFtk7L9XXV1P95tpuz6ehZSfaRpump": 1784050846.6571312, "FyCiT1uzgWPuryg2hVusd6debeQSauGKP3aHnXKopump": 1784051443.7649581, "AQDiV5brA4C8r7vHNGjoXv3QjRmLzjPSB9Hg5piVpump": 1784053252.8840282, "BF3Zmdr9zQ6jrx4TbmK6z987EL8HEegmdmBvyHU6pump": 1784056247.4108872, "CLrsRz21tZtHe7hkt34d8zC9t6gwLziw9SdMM6o1pump": 1784059518.9701579}