{"HJjyn79CiJYd7vqGdmVs8TDZfGydbkC9mRNvvohspump": 1784690721.4651895, "Eq9Dq64d1LNcdkb3TQunjh9TCPGapXrq2Xc6YU3Rpump": 1784695818.6017885, "D5qVb7AfwFqHi5Ud6mDpP1QTEgbXd7HRPH2jJ9smpump": 1784701219.3405328, "eHFE2DFAx11Uc2WboXq8FBuqoqGEkBMv6MYdFVjmHCc": 1784702116.2679956}