{"6BoaJDW6aibTJzhz7GJjnkC2Ngdxc2PsPQwv5Hy4pump": 1784517020.7788494, "BoRwd4FuvPUTi8Mu4ViCBG6oe7i9PesjDMePEX4Tpump": 1784526327.0467815}