{"9cRCn9rGT8V2imeM2BaKs13yhMEais3ruM3rPvTGpump": 1781703929.6895335, "GQEEL98udpaC4QRnCVqdRPgUgSVjXpN4KaHCXjQMpump": 1781711266.8620808}