{"GcaAmjhhVWKv4UrLaZp3GdKGkkpoeiCi4LNJzFwepump": 1781957423.9232497, "7QuYbCwnKmyS9x67ezYfrpo5rQzQ98sSBTN68ZYNpump": 1781963122.8492117, "HoeQcoQwBA1p2A3jd9AB62d25MUWZiydAxku4P73pump": 1781969428.3022673}