{"ATA7qqjkSPDwAempd5MyEJoCnxRKvmyTgGC8fxkkpump": 1781811922.2253664, "5kZowpTbxTHFdoQBZWbiGvkCu4XTcFcrmdoarAvCpump": 1781815221.8290713}