{"43NZ6oFmctFEKL9D3B5LoTHJU4ibtZPhSTk29Svxdiso": 1781940316.984469, "C3e9G7Wag3M3HBdMM7in6gpycSj1YmQq5F8wCFPVpump": 1781949020.0615053, "GNBWSg4YgA91iTcZZtxrrPkyvY25nuUwGD9rphC1pump": 1781950522.0701358}