{"HyrcSV3oQkS763vWNdqP5vhDcfvnesCFqqe37nXpump": 1783777245.5181708, "6yp32X2hpWiH3PYY913ozWmEY13cKyc6vSoBN1R3pump": 1783780247.9891605}