{"9firESEtMrb4hqFxtb7xCAXp4jAuoW8mz5MZwjJ2pump": 1783548647.9829671, "5whR534GcEEmrVPedDPZgWLXKQX3shhHMcdZ1FXCAMzi": 1783550443.192043, "F1ceHtyqhe8gdcPb9ix8zyoWPy63Mx3m2WWL6Txtpump": 1783552522.4025455, "GAPN6E5uEEfpvsycB6s5xYGwNLyt3Q3rwoKVWLHfpump": 1783555253.6401207, "F612mB7c9pXAQjGysAeh4vesxauKtjqi7QFmzxJQpump": 1783560039.1914456, "gCETSgf89gXTMZGSDWamDvmjoxypsJL55rjf2o4pump": 1783562166.4043546, "Fsuzfotc8CSpFPzQDMpcFh89PMGXXNCx2siGed5Cpump": 1783562718.3465068}