{"8etmy7ukfvD7Sat5tFecL9hL8vDwu9uwJNuFaUYipump": 1782702318.7678583, "8ji5K3dr2dzt4knZv5VSvCwz84aERRR32F3W6MKnpump": 1782702626.4337232, "7i5RqLX7kGcsWf7Nim5BwUQrCjdQ69xcG3pnKSW8pump": 1782704720.3881478, "CkAuhMagnem2iukGwApsfw1ypWETWDdKFD1Xrrtspump": 1782706823.9667413, "6RxHAFtcxhQvdnPqYJkvS9xjfuimvKiM1inhHgFJpump": 1782711320.7326643, "4RAausgwssu6c834XDXhcX1oYKZhPBxhqSMGwrb8pump": 1782716119.127239, "9VDNmky3u5r9kUokR8Vd7jFz2xV6C95wcJMpbo1cpump": 1782716431.1052}