{"FfpUuXzXcZAg2Lrk9PAd9DKbvvUdPREniyHgXyR6pump": 1782832832.096684, "86CFcbZBJAqGVnfgnLNcw3tPmfaTigAR2UxbUPYTpump": 1782834320.4353113, "7B4o7Htqi7Rxh135TAouEemN1Hx9xXeKYysRPfPupump": 1782836120.6974921, "A7R5i7fE9s6fbD7Em9LKuEuxhYEVWwU2TKL3Bcuapump": 1782837921.4200583, "E3UBW6jjbmTUWAkLo1zKNmtKH2DG8nCKEqaEEFxpump": 1782837921.4200656, "CdLK9LYLJFoDTqMMuPo9Wc9J11WXMRVPiwUEz4tTpump": 1782846627.9378424}