{"DkHgtvturqvvjBaBUVZdXXA1uBTMMhErcs9Urb6RhmGU": 1781761520.0083916, "2Bt8iWBew1uBfVs8tP8rBiJaWHoiYLieLwXFmQFHpump": 1781767826.559859, "2EBXmwiQLRxieyCp8jDmHAReCLq12No5giusMXhypump": 1781769926.7794425, "9KNoVkNKSx6GrMcF4TbMu9LL2X61CaBxBAaQhQuipump": 1781772323.2988994}