{"87eGzAd8HBwRwVZnk8meqo5kDEMB5B9SQ54v5VMupump": 1783804520.8295712, "EmJamPBbvAH931LffK1rAA2HkC45ndZJMAbdKFospump": 1783804842.613618, "6UnDbjZaimbcf6RGzb3GgdjMAnPTQJvEH4LKd4hNpump": 1783807518.6241355, "CR9jFW7ZjFUvNLRXB1Ku3BovcR5462cYyUC1Mq3tpump": 1783811439.9782064, "DRXezsnuMdi2LPzXoZmBTJ1f6uuQnkwQbEAoG7Fbpump": 1783812647.3466656, "FrtbBAaSZksfh4oV46E7Pvb43QiiUmYLD3dcGS6gpump": 1783812919.6357698, "GW8MTtecmzZbE56YRLF1nNcAwhd83aoksUmnEe2Qpump": 1783816251.3858826}