{"fMjNQMTk1qyroKRerqrSqDXMtTqGHCoXiNzAH6Dpump": 1781300720.9628098, "3DMmoaXfisdMU98W5ao5uAw5NYGEGsw7rGg3VpTDpump": 1781302521.5959675, "AZoKrE9trH5XcK5y1jBUqFjuP2GufUHu2ndA1HGcpump": 1781305235.946028, "FLqq9UxGN6jDMdGf3qskaxqB572J2ai1n5pTfukNpump": 1781308829.8640268, "CU3q6mYHYhNvq5sD8jgxaogsQpdgJcpkPa8ctCHwpump": 1781310916.6843576}