{"3AfSqjksWQK7qj8puoAma9xybTzFUXGzDRkFbyRKpump": 1783799120.4669995, "FBrodBgyCXWzCWLCg8dQZDuoHiS5kthvU26CMj38pump": 1783799715.3786979, "87eGzAd8HBwRwVZnk8meqo5kDEMB5B9SQ54v5VMupump": 1783804520.8295712}