{"HyrcSV3oQkS763vWNdqP5vhDcfvnesCFqqe37nXpump": 1783777245.5181708, "6yp32X2hpWiH3PYY913ozWmEY13cKyc6vSoBN1R3pump": 1783780247.9891605, "EQ1eRgPUrgYUcesY69RKro62ar8xBzehZcLd7aKepump": 1783780840.6567945, "GmGeDVuZ2Y8gfi6R52D2fMmMLeVtwGbWs2ckPrbQnUdy": 1783781117.7322404, "EWfrGoztonxJ8xFfz1hSmUYCuThFsQyM7odQHBtTpump": 1783781717.4467824, "ERSGe4BXyeSWe2bW1VyNARes9GfS1UAyCWCYRpR6pump": 1783788039.152461}