{"HJjyn79CiJYd7vqGdmVs8TDZfGydbkC9mRNvvohspump": 1784690721.4651895, "Eq9Dq64d1LNcdkb3TQunjh9TCPGapXrq2Xc6YU3Rpump": 1784695818.6017885}