{"2ALnkoVdqAuiBexJRLv1WB6KfcT6yXFpyQWyLKBypump": 1781374519.8885903, "6yV9ukrWJcUiZnFZDxuW8pSgX47u6u1kiBzxZ28Spump": 1781375431.2970507, "FX4GtNGSheFrbSfUoehxX46YNbA2TdERsx3Ro4ympump": 1781380222.6825576, "2bk1sBqMQKft8Y4YbxBk7TxVHpgZRm7doRQ7UggPpump": 1781381124.2868068, "6oxBN1fAeLLLU3s57jEUagtXWmhosJbiJzuuA1Txpump": 1781385927.240728, "3eN8Zjs3dEY9k3DArtzgvb7QR9CeexxR75LPRo6tpump": 1781386224.708777}