{"4DHmevKTedPaTEDAfnjaP5N16vsGdMwAB421Ak4Epump": 1784628318.9571376, "8Ns4F3KvpWeYMJuozxCCZ2kwAAZYx1GW4wLyxk1Apump": 1784631320.5308204, "57ZbsHaZWsKx8fFALhGAnQmRkhr3LZtLMSvXPtC5pump": 1784631320.5308251, "DG7Ls6z3AmpsmfCk5igT8GhGEC1e1mYc4zMruXXfpump": 1784631636.1036506}