{"EpMFXezFUBsraAn9zUEgGjSW9AyGUD1eNnnYNibnpump": 1783495851.6004078, "8YFpCz4pxkNQxowNDyQrPmDizXQLhFF5xn87oG14pump": 1783506316.6556187, "H58UUPjiqJ9ZbK3eGUJNhcjwj9fDaBSKGaDryNJjpump": 1783507845.118411}