{"8uucgKcBNbje9cAHHWZ8dhX14znsrPV1AvxNj8Mwpump": 1781216426.4266305, "BucFPfoGNAeECbXaA6MxrvyZ2vaYXXaip3JtcY1Zpump": 1781218725.901318, "AVgbbeu24QGkbG72K1GcjQ3NFMtutFSzVPF7YWahpump": 1781218725.9013262, "6aoSWHohMdCfEXKkUjJEVazb4qrfZWGYCVSinp5wpump": 1781225418.3021214, "43RuMKo4KTNekqjGSBM4NTsnL2dA8kf2MopF12eEpump": 1781227819.6832943, "CDnjA73rXBsqivZM7WMe2JULkHxfZNVsds9tw3wVpump": 1781229622.5084517}