{"2esAcZE7Z3u2pa1vRsfLvMsPf2mXXCfMAgti4Ptzpump": 1782653718.8953645, "6x4TRFHNyw7Ew12hCmsDwPu7nYdsE92TDvs7yJABSqQ4": 1782655229.0715594, "D4cgMvxcyqme3uKmdDrhGv1UKsKLwTinu3gTNdCnpump": 1782660317.5909922, "xc5gN35tmTiCB5mEWJjwUTNc9dCzbxp5SH2ewV4BAGS": 1782660627.1562684, "F6XrFdjGSPBssfSJ9schibvq5CPnov1eoxyn6Whxpump": 1782662116.2117395, "9P81yPJzLkjeEPVsLrnYzGJy8EEDJc7zCG1FsTzHpump": 1782664520.3296008, "9WEEsmLdrKW6nu1YwvaMkGp7n3gSodFehyddNqe9pump": 1782665720.2101073, "BwAU6gsimrFhJrRcZqKxQJayfnkyyan63WNCJRWYpump": 1782666624.2281656, "GXmQ9zfriV73rCtkASj3aEPzvk63k7JWadGKXRUpump": 1782666920.1625319}