{"7YnzMgUvUjSMs1Xi9rYE4Dz4iV6RDMmuabWPmD21pump": 1783392918.996052, "2LxfJRRo39Ch6y65UMHUdSpdVHaiAYtHNraq563Cpump": 1783395643.6736467, "HBKmnamsDdyjpYEPpuWt6y7PheNvhUAnmFCYQr8epump": 1783397441.2752206, "GiSTEPqLMizAd5Su5Q9PSbMfCAPP5oMqYhshAJ2Gpump": 1783399243.2781177, "8Z3QCZvyuD9zDg2MQ2AUbGPdhKkDwnwdjbYfzQhdpump": 1783400118.1697216, "99N2CRU7FinMQxFeD7hBTNqCBY9tginwofXJ49Z2pump": 1783407317.0382729}