{"3YNCESdqhSgvsD4aARHC4rdqXpjyW9CWjosH82hNpump": 1781526027.4156442, "Dy9rwjKXeq56S9kF5iYKHgUBdJM4NdKZ8zd5Rcq2pump": 1781528727.2862978, "71p7Riw6WyBJmbS1HgSwLbjpNZfBptsDpcc9h9s4pump": 1781532629.4057047, "AhTVuo95UTjuWRjif7h9ipVZPUneNfxCXfWZwEeFpump": 1781535921.574458, "BXbha4MdYt1XdMZvYWpxCFAitvYg793pZJSLPQjTpump": 1781540132.536831}