{"G9gV2gRGZ3jCxAm5E9JrGiU9XZXnVxV52sFkUZDJpump": 1784307026.5913823, "BQDTXj9bvYRY9hksEmnXVMxsPu5VwFDW3bwiXpiDpump": 1784308523.3374236, "4WfoYERYFw3AQWc3MiJz4H8YScu7sbGFoSX7xCMepump": 1784314228.475775, "8TQAPEgP8jcWPeLTiQhFCFtPYwKhpjRvTngoPAmjpump": 1784320826.0738182}