{"5cCNK6jCNAd7LAWqTkyFacpUTqnjpLDH4oz5onTcpump": 1783945849.8169954, "9TH4WrNrmcE4UVfRuyY4ntN7n7eXHBshss9Wm5Cepump": 1783947046.8078053, "BKT3hEUizCg2FKwZ9NrEEUKtEQGyQfyxYcUkkfkepump": 1783948062.0306172, "4sfZxsD5qXNQqitaSwTtW7nzj2NkaSzmz5V5xyBfpump": 1783948844.3934743, "5XWFwHNTAd5sHFX559r6s7xgSFMATr75A2WKLa47pump": 1783948844.393481, "4CXB7fET9wYsRRhxBYPFjNDA3jijBHVoL7EizanYpump": 1783957525.184071}