{"F7NmdG9JAhEjzdxkm47a4P928BtvUWd7sefaNmvQpump": 1783418719.6951778, "3fc6tLVPx6kABcgbn44P3LAmXFzyx9fyckiJQfoQpump": 1783419045.460343, "saTZ9ADxuPYGxCgJMqnRsanza3nT3GnkpKENicKpump": 1783420247.2235456, "DsUkV9n6n63TgeQKZbwM5rkHpupoA9ofh4VYJxpkpump": 1783422048.9225066, "J9fVUSrsGYpuyXggAFJpf8WGkVsjqjCpBzyBxh6spump": 1783426421.270266, "An7Y69yZJKwTTrdR3xJ3KMz1CHVb1ii7kHzeKLdqpump": 1783426520.936335}