{"HoXTLR2bzMpyaNG9RrHs75xhtQbca1EY5E62uBNYpump": 1782456319.6706135, "HZRnhPrEoddCir4thWEaSn1u6As3nxJ3QKB6rHPppump": 1782457226.3411384, "DNQ6KoKjvbZUryc4kJunYnvYnPHbA6sdhQ2gDrbDpump": 1782462316.1419938}