{"HoeQcoQwBA1p2A3jd9AB62d25MUWZiydAxku4P73pump": 1781969428.3022673, "FjQJyapJSmmp9mqoYgLEoTKgAgVUaCc4XpnMb6x7pump": 1781972121.1041412, "4BsYbLWnr5pHL3w3R7Z774YPwGvgC88ZtWWk76Lypump": 1781973919.996834, "74Q9nNmZw7XuN6ooMDurzeWZhwpyQqisncYXMrfKpump": 1781974604.9686737, "AF37dn6WSNjy7iqNBUVSjMch6rD2CUSKXvUrXj68pump": 1781979020.313574, "7gnDEtpjuqi2EGN4WvcGED1RY1eKzhAApmhcdgiqpump": 1781981121.3211265}