{"8YFpCz4pxkNQxowNDyQrPmDizXQLhFF5xn87oG14pump": 1783506316.6556187, "H58UUPjiqJ9ZbK3eGUJNhcjwj9fDaBSKGaDryNJjpump": 1783507845.118411, "BRri8sGqovtT2gTErMUoJ3BTzdLnG2nfAJEcsgVBpump": 1783509647.2457206, "4ARYKZQpNgm3bDzVzWB9Cbh3wGRoPPKNyBhxHsQjpump": 1783512052.6452987, "7pncD23yVtmVRRa4fLFsi3pGotbUxrFvR13wTGNCpump": 1783515654.4012692}