{"Ekfuk7zsnosnsuE7wrkdRogV7TmtsYi5HYiHpF7cpump": 1783362047.7023876, "FSS6412bQYgcpF5sKwhXq1cv9TgktHYsXJnCzFahtxRK": 1783362047.7023935, "6RfknWcRCQrCfYhV2vtHLb1eTeknqF6NG46RkYzHpump": 1783362919.2375276, "AVVLwZcNnts8JffDiEZxLNXGk9nLAzRr6hf9KDWapump": 1783369517.1166735, "soJXQjcm3gPgGXJHPsybMqLLeEBCJAS3Pi4jKHvpump": 1783372065.13605, "89ZvFeuJqPUJAfDkdANWmwinMj5UahaaWT6QgheTpump": 1783372846.000514, "sMYyVKxdk7EZbbd2bEuj1RVxohSXLXrKCf1JsfhoZWo": 1783375844.5874314}