{"CiQzxGWwx3rjZ3caEheSsGghKGJYdQGuLYcgD8qspump": 1782551719.5273805, "9JNXNf4ALhzgPDnZkLkqguMEuVz34HRt1oTZNefVpump": 1782556227.3179724, "8j7kvT7xLg8Ramzr3K9KngGLtTKrvgReWNDvKM7gpump": 1782562517.6627102}