{"FBKbAPporDMvvmV463PF89xhH55Gs6uVc9FPJGcbpump": 1781400320.116303, "8QZJYXVU2SUi3qesyGrHyTj21JSrs5xpLReTC1CLpump": 1781402717.0950665, "B7a9wpdcdSt44Y9iHqrMYo9yuntqtEV25irTS5YRpump": 1781403622.0076327, "7NTneSxwaZ2GhGWi4twqmb53h4iaLisVtdeoCQ4Apump": 1781408724.7552788, "62JqJe9a5Ly6DeCQnKsTuLk4RHp9V5iaUA8ykmvnpump": 1781410821.1940732, "HvBBPNYDgumNsdCJJSjqVC6VYDPpwrHsPsurUxmrpump": 1781411423.9349349, "BsrZnHHz17nQPHhab7vY7RhAzUBb6fnQZxwQr1hBpump": 1781413230.1999385}