{"4CXB7fET9wYsRRhxBYPFjNDA3jijBHVoL7EizanYpump": 1783957525.184071, "8bJ2VHrshzcSsFrdQy1JRWMmyzRXSqv6JBNTo872pump": 1783965318.9494255}