{"DrpTcx8iXAzbjQ7yP3wsvCvFy4ibhnFdxJTYvcqSpump": 1782185718.2549686, "BoYdMLSwk4WKu3CAy593hsx5ZFwY8776M8zVFvgMpump": 1782191722.6211865, "6MBRUitgt22meJxqpcgjLjUQbrqxuJ8RwHA14ujrpump": 1782191722.6211925, "5acL8qXCpiF6he4M8zAcUujsLNEbmtVCd8ZHAUY8pump": 1782195022.4713066, "7Mbpps7satJXy7vGFGH3DrGxSgQLYSkfA2DquXBtpump": 1782195624.5194013}