{"3896JtCMnJp8UREX13EGXH82mEzrUnt8ZKNLThYRpump": 1784476218.417805, "CKv8UuRDpEYou2QQvwQ2ivVK8yA9wxoM5wYnYpbGpump": 1784480117.4111419, "BCDNp5tH2eZr1GEQfagoVZiGTgrvqXdsiTnSFsd6pump": 1784481327.477375, "5juBxmzaZcKv16qvjBHhHncSTgbwKGErMtVsE9ZCpump": 1784482223.7366946, "3hbK7rkDXJKqUgGQe4vfqy59eCTZ1x73s9iDoa8Rpump": 1784483720.794055, "DnKyYTMknehLyYKe2QQPyE9sWZSvXpemjc38A8Npump": 1784484623.526766, "HmqNryXmwU2H7tYZwTyd3nqUnEiELGjxivgDocEPpump": 1784484922.631701, "4NFFu85ywyMMF5MaNqi3iwu8iF498vvS78JjsUGdpump": 1784487927.4243248}