{"Egmh8vWLRrZE5AByuD43KYQjKWkcC4W68bz6jisApump": 1783005322.145754, "933Nd7DunmgNdfiHDhxR3K6LpFTsweup6EstQpUJpump": 1783005322.1457622, "HS4DWjgJ2h51PCnhh95saqgLQ21Zps6VABK1vi9gpump": 1783007718.0754783, "B3q87mNGR8Ypzhsyc3ZFgr17gDPbeyspJHWoGtfLpump": 1783014637.4419026, "vVxqSoXWDRtJhk9BvjSYyGEpSn2nDV7QhBCkoZ6pump": 1783014918.3115177}