{"DBLxkVArH21e7n385R7uzuJ1vz487jZjUgmJFC1pump": 1781636130.100542, "EbnPSHXcADtYxWaFcMXh6JCWPnvkY85QrfCPES8Kpump": 1781636442.4746702}