{"9ygAaHaapVDEZBn6MdaXXqHoPNtz3r7bSu48iJqipump": 1782806718.2829845, "14jZTzx1ZMVBeT8eQhoYbQ29U9AZ7P36UWTX9Ehjpump": 1782810038.308337, "BXry4aJ8n8UwzG9VxX21N8j54AMb648Shoh1iTdRpump": 1782810320.9134257, "EBrsfGrqd2wPhWhNpgcTsnJAyft6RTVpYzffJ4Q7pump": 1782819917.5605853}