{"J7nejjwUAxiSbX3DpvTkURscfFSrK33saNoU2ovHpump": 1781984721.5624824, "2DvMwafACykvGa9CHbmoF6BEaPWWUAqwa31m1WLDpump": 1781985638.0950074, "7pykXUmT2dWd3pTPT9pjVVN6dgTXzynv5BamHHCypump": 1781990420.2026672, "F25zq8u4TbtaQxq3i1qtcndUmFaLCAAYtoraKSwYpump": 1781999120.5932043}