{"ATycrHtw84MChaPCBBMC2sQxwgmjCGx1GEY4nV8opump": 1783347048.9361537, "Dh7AJ8NBE8qF4B5m7CbYF7Npp8xRar9xB6kHrupmpump": 1783353650.2618463, "CSWM2UWwcSb5GeYcs1Nb9jaPsm1aBrSY4jZqTC3PqAnk": 1783359929.2336674, "4nGWFgMAgnKxdm4wtA7TyscUtJoagMHX5LDqHcC8pump": 1783361117.763182}