{"4Do7pHhCid89bj1RqhV3GUAkrZhnE6acCFHMdcgxpump": 1784436018.6658924, "DLz4bLgo72D8QCpVLwJ1QVL7MvFxX2wq3diiW5ESpump": 1784442623.6278636, "FjQLfuiXwHpf1XCCfXd2LqY3fJSbf38Tp7zmMWkwpump": 1784442623.6278706, "D62iYdVkZ96wjdcSrf9MRBnRHiym3pHGQXx7Ek9Fpump": 1784448318.341796}