{"9suursDJucKtucW7kNXNs7ErsYU4sJBMsehWjuRppump": 1782674718.4402766, "AMb5JKK2jXdV8zZR3En5tzihmc9jsHU39Pz3347zbonk": 1782675917.85525, "7eMZP7prH9YWz4komdmVRuPDNsHH99n4MmkYoGp1pump": 1782676828.2805681, "Bsx74q4nw37DHmoiEjZUP26bkWozHyUvogFvpsWPpump": 1782677723.344568, "EhB1sbSiFVw8XYb8NJUcKEJocGsa4KGxxrS3LsvFpump": 1782688225.2081118}