{"FZQJUoWEMRCNTnWj2aAizsFrYL6JUJFBy9zaJex3pump": 1783132516.4067602, "J9xS5vH4W9WnxtbJD4AshJsmHLniPFDq8vXa556apump": 1783136117.4457815, "BBhHEEs8bCPchS8S8EX744ExVrMD9xjGy8CXepctpump": 1783137642.1021922, "zoyjnKBGyujR13aBfXoz96g5NxH946n47fJuk3Cpump": 1783140922.0235283, "BXEk2tf9DfrdS7heWNNa9GyaQwf5QiLp4uxrwHUNpump": 1783142437.7046638, "3ybbPuf8HJsMG85WaQweh7rr6BhqHNxtKXCQzk1wpump": 1783144516.3211513}