{"BZsZBKwyuaopnur5Cb7jXcq4CqYXhNQGj4PoPC2Fpump": 1784396116.545178, "3C65gdJAknCK9anyp3thqPt8p1xnTbnynhGk8wM3pump": 1784398218.9357815, "8iuNL36yGtMWoCKinRjG4jkyJhF9MbmiAZDHYC3Rpump": 1784400319.8088176, "GYVHmvi8Xs7CmPQwbS4pE5EXyd9P8ZTx2S4Pn5uspump": 1784401226.983315, "DLz4bLgo72D8QCpVLwJ1QVL7MvFxX2wq3diiW5ESpump": 1784407222.3713114}