{"3ZSe1on5XfT8dACqeTBbcXhtVU858ihefcQgL3DWpump": 1781916918.0281756, "7a2qGcRdXFtrkJPAPEBh6Lak88GzG8A6tk878qVPpump": 1781919628.0326672, "9gVWVw7kfMaUoF7Qx2MFs7VJk3o35YG8sUG6pec7pump": 1781920520.945135, "DCRWqh2YZVm71eX8jvqFQDXiYjyRfAMWSYDSS3uuV5j8": 1781923824.2386117, "FXyQggDX5duRBiofGA77vNqAFLSkCywvAjyZZS41pump": 1781924717.4118807, "Ay6CKPHx3KkfXmFo9kFA3FxagmUWDGQzsDZdzBafpump": 1781926821.4601717, "39iFqCU11wXeqHEKmNVnkrMSGwe1K4mqEqEErJF1pump": 1781926821.4601805, "DQjXSW2MrNqKfq2aLXTpw47atLnkdm877gRHPWMVpump": 1781928319.1593485, "3bBQrzzq9DRXXFfC9nUno9m1MBm9Y7dVnBBK44bVpump": 1781931019.8750088}