{"21vBTF7Kwg17j2m2tpSejgNzwqgz5nQBf54aSVBnpump": 1781646927.08901, "CcidHkY7BTwNoWNEr3sjA6tfYoNXumrkSajcpaUKpump": 1781653226.1212308, "FJVis6jGFFiizZ1NSyNdKYHSTnqUWHmM5P3nyco5pump": 1781654718.3063698, "3q6AA6e5QvxSXZ3sA4kSmZk9phq8M3vxrB9zf5d1pump": 1781659520.1509428}