{"5eiJm3oJRXcd3Aahg338P9DFULG8PPzmCUXGoFKpump": 1784040050.6365497, "2T5Sj2YiLuUQwjuDfv9qjCWPSwbfHcbMkFax4zV6pump": 1784047244.9609559, "6fkhFEPL1KjipJkAuJg6gCQmHsnvwfhJXUyjV2Tspump": 1784048115.2112482, "4p37V4YA54Jou7k3TWnwxeDXqtB9BQRik6NL3noJpump": 1784050518.5477679, "9w47d5K1Whg4HoGFtk7L9XXV1P95tpuz6ehZSfaRpump": 1784050846.6571312}