{"F6Y5szPJfJhgWw7hf8mV7GCStkr5Ujwy2XnBrMo6pump": 1781661918.432082, "5om52eVYYAXXTei9JkgnvK7CbX1B3QFQ1mEg3zaFpump": 1781662525.5038924, "ESqwVPKeKjpqFsjWcxwmpdjBAoQdVsDKqaUP1YWtpump": 1781663120.0126727, "9wY6TJtK8H56d2sQFKwrhFoZDz22z2vEQxUciAFTU3aE": 1781674821.6025214, "6gw2o1xB9rfQRi1nNPyhMewSqEAFkqLeaoa1AFSCpump": 1781676317.3096511}