{"F871NCYLqnKM3mwaYnMbHrj1MUn6sAytt83Cb7yapump": 1781694624.3769746, "9cRCn9rGT8V2imeM2BaKs13yhMEais3ruM3rPvTGpump": 1781703929.6895335}