{"FtWD7st7o5fp6sJ5NTp1jLY1qaRjibzYDTe3xSYpump": 1782910234.2764666, "BJYbq7654XAuXwb4W1YEa496PBR8gX31c2N2btYQpump": 1782910840.511327, "9yzSF5JRhh7SYjEoSuQH3E34JdnAnRhQXJiXUuFTpump": 1782915631.549929, "ELydz3y7JDiEiqnmkUEF3iPqFLdJpaYseY5XWKdHpump": 1782919837.6953974}