{"6ZDiSZ8DkRM5Grhbm8tbJ6x52DdeQtK8gRRJQsfSpump": 1782364521.8273368, "C2Vi8BQvPjSichZ1SCvGGHUN68xufcajGN3y1S3Bpump": 1782366025.3898797, "E7wbcQSGnuC29vNeDX8SrosiD46piaUnBHTg5X8apump": 1782366322.8829694, "4vZMrPEimCDZNLsbT3jjGTnpnvPhJZnnzo8jgVDhTCn1": 1782371425.6583343, "CQzNEHjLn3CGVCDet6KFgoxshcCtUFWEfrQe4rTR1V1A": 1782371721.062889, "Gnrtk2RCbHZ2EwR7Cc6GU5nWft7ZukrJZudDb1Tupump": 1782372919.89395, "H1sQudtq7uxDYZnBeCBNUdDSUEAMUw6JPAzKiayvpump": 1782375320.7468743}