{"3hbK7rkDXJKqUgGQe4vfqy59eCTZ1x73s9iDoa8Rpump": 1784483720.794055, "DnKyYTMknehLyYKe2QQPyE9sWZSvXpemjc38A8Npump": 1784484623.526766, "HmqNryXmwU2H7tYZwTyd3nqUnEiELGjxivgDocEPpump": 1784484922.631701, "4NFFu85ywyMMF5MaNqi3iwu8iF498vvS78JjsUGdpump": 1784487927.4243248, "2GU9TB56hem9mYVV6N2o6A5TtsyV5w8R8DHiXZ11pump": 1784496919.5245678}