{"BoYdMLSwk4WKu3CAy593hsx5ZFwY8776M8zVFvgMpump": 1782191722.6211865, "6MBRUitgt22meJxqpcgjLjUQbrqxuJ8RwHA14ujrpump": 1782191722.6211925, "5acL8qXCpiF6he4M8zAcUujsLNEbmtVCd8ZHAUY8pump": 1782195022.4713066, "7Mbpps7satJXy7vGFGH3DrGxSgQLYSkfA2DquXBtpump": 1782195624.5194013, "6YqsppC6qjJ3Efgwt6wMef6YGDofAPzEP5egvdzvpump": 1782196820.2194254, "BMqCw8whpusVnRtxZLrhi8Lm1LoZDkbLdDatUZjgpump": 1782203722.854274, "58gCdwTpk8XrpVmr8uav7t4d2CUnWokdwP1QwhTKpump": 1782205825.3304768, "5mYMEjXycpw6xwmwHyjRGeX7uEhAZe2szgzBau9fpump": 1782206120.1643572}