{"H35e26jbohkY6Yiwem19SjhFkMXzXLsvKskv89fMCHUD": 1782121524.3614001, "8dzc5ZtAwUGD4HQFycaEtRfCeTrjYnKAXN2nhSA3pump": 1782130823.5750792, "6raznvsRtEJWJvpi5dPco7uM6JYRvrxnpxKQmBcngFo": 1782135032.7482705}