{"AUvBbyBxZMx9hqMCcZ4ATQDbjiq6H3phx6en1nNxpump": 1783043754.734047, "2M4pzjZ2SLo3Tvt4iQkr9geeov1wrVNioxCr99gKpump": 1783045517.0256479, "amUv3eZ3VmB1va6Ys2fGwizfmmDCo2vn9MZP3YWpump": 1783047636.2582822, "ES2uxM9etJitJr6KEFF1Uy6Ye84SQRuvTxUHidEKpump": 1783049438.288802, "8yLTi4ezvUBZg357L4RE1U8XA32pwDJubu3siiVJpump": 1783051237.8126674, "CwjEEWiiMWvNweSJMtT67JLmgo34drNXPdLUgWwSpump": 1783053034.2561147, "Egmh8vWLRrZE5AByuD43KYQjKWkcC4W68bz6jisApump": 1783055431.5169988}