{"Dh7AJ8NBE8qF4B5m7CbYF7Npp8xRar9xB6kHrupmpump": 1783353650.2618463, "CSWM2UWwcSb5GeYcs1Nb9jaPsm1aBrSY4jZqTC3PqAnk": 1783359929.2336674, "4nGWFgMAgnKxdm4wtA7TyscUtJoagMHX5LDqHcC8pump": 1783361117.763182, "Ekfuk7zsnosnsuE7wrkdRogV7TmtsYi5HYiHpF7cpump": 1783362047.7023876, "FSS6412bQYgcpF5sKwhXq1cv9TgktHYsXJnCzFahtxRK": 1783362047.7023935, "6RfknWcRCQrCfYhV2vtHLb1eTeknqF6NG46RkYzHpump": 1783362919.2375276}