{"CLrsRz21tZtHe7hkt34d8zC9t6gwLziw9SdMM6o1pump": 1784085920.4273286, "CaPK69pveS9nqmX38R9vwiKmoLZRwAnWrDhMYzjHpump": 1784096720.5669088, "H2awHSNghi5pTZNYzE3GdwScS5eTQFFP2ji9FyjDpump": 1784097316.6452498}