{"4RAausgwssu6c834XDXhcX1oYKZhPBxhqSMGwrb8pump": 1782716119.127239, "9VDNmky3u5r9kUokR8Vd7jFz2xV6C95wcJMpbo1cpump": 1782716431.1052, "53sY8B9pTo1FXeYQZqidYKbpNbZADJ7CrRDwzdqHpump": 1782717023.8686862, "F4Wqnckxeue17qs3NczRA4iVmriCe5WFUGEJoquspump": 1782721222.2431037, "7ZD9DsoJXj2gEP3BSuq9miUtgAN45zWodKrHfJqHpump": 1782723631.2320247, "643djtoUUQdZbFS4PY6vbywrd1pCPhznFoheHQH3pump": 1782726022.918278, "5ThQku4yiapDLQ6v3boqSb7YDL7YF6BVngV9GAk3pump": 1782726622.230141}