{"GdAKxh3N4GTXz1igTwLsJzMPUVutyiD4aSenhnJipump": 1782222930.3931262, "72iZDQ4JtkiCDkxH1eLC3kbYdFkufqutgcUUeSpGpump": 1782229823.3000286}