{"5etbzxYXjuCojfsbXGuML3nJeyr7Nf8M31knLACcpump": 1781191523.5538204, "2U4DFifmABewpkZSNXSnZ6du365eXdZvQb78gaLNpump": 1781192424.165022, "D1zjT2QQcj59wPGsonM5aWnijobt2VNu22WzAS7npump": 1781193636.0915241, "CG839jxgEhcqoukwptzQzGbSpTN3j774YPqJr1vApump": 1781199622.2288265, "EBc6YWysUJsQJh9UayAiyS5j9voLdJUAVQBxzBNtpump": 1781199930.383127}