{"pump4U4TNeSg9CmhLVofqE7L3KdUfW9xLdro78h4Jrf": 1782325523.7272553, "6GcbGGX5m4mc9TnwaLrSdCwLnYmaqcKeWKatvZqHpump": 1782325830.054074, "H6R1ki8iVYTLsgDjewXBzmXNCQLs7npsuZqiLsPrpump": 1782327319.8907678, "pumprnMSmFfFVZ7aHWGhEwjJsRNTETdUqZfytszVU2J": 1782328183.287336, "7wtu8CsTtB7dXv4Cihp4oGJJpdcXL1ZNjboxyZZepump": 1782329118.0632515, "HyH4Tf3fqBNwk9yCwFuGdiE9qmhe93Jok7mQqW3spump": 1782338718.6736352}