{"2nes9dPbTWMssKdmoNToZraHnavAnN6rPq2FBHcCpump": 1782389312.428828, "53iWWxcn7aXdqveJZA7uxWV6kGBLWrCU9PdZ1NAtpump": 1782390627.5598211, "B6MjCPXvFL2YN9UFdVEforzi7ZvqdXNb3Eetr9gypump": 1782395724.6451588, "7LjyeatcfwWRDVMmix9Hu6frMimikRnJyQKCxWcjvAyP": 1782399927.730473}