{"643djtoUUQdZbFS4PY6vbywrd1pCPhznFoheHQH3pump": 1782726022.918278, "5ThQku4yiapDLQ6v3boqSb7YDL7YF6BVngV9GAk3pump": 1782726622.230141, "2qviVzJF1CG7yU9nwoz4Jmg79PFQxHm25x1ddwC6pump": 1782727231.1954331, "Ho2pxwSYCT3PdzTK96b1z8noiFjMxqBTS3qZSMKqpump": 1782729317.1666734, "PDqSePtjwXYaruFX7hdujV9wf4X7Z4fu5d2iVMCpump": 1782737424.8571556, "5ch3j5zB11y2Rfzqa36aEQvNiKBdyEHx88oJceD5bonk": 1782738921.0659}