{"CR9jFW7ZjFUvNLRXB1Ku3BovcR5462cYyUC1Mq3tpump": 1783811439.9782064, "DRXezsnuMdi2LPzXoZmBTJ1f6uuQnkwQbEAoG7Fbpump": 1783812647.3466656, "FrtbBAaSZksfh4oV46E7Pvb43QiiUmYLD3dcGS6gpump": 1783812919.6357698, "GW8MTtecmzZbE56YRLF1nNcAwhd83aoksUmnEe2Qpump": 1783816251.3858826, "gsoZaYPVioFi9GRaehCnvNqUSNWYNZNVKT9oyoJpump": 1783817719.799788, "6Zt2JH5C4eBaMyK53YCKcL5CY3VqLujvHunZ7wfnpump": 1783824919.7836113}