{"4o9ZV5oqicYesQ7hsCfLDtCTENMS7HGJwKPMn7D3pump": 1783847117.3525167, "TJENWrtTRHFAkPoCMtDxSLUd6tHuHiZgpFWiVqVpump": 1783854095.6587772, "FoMPmAg2USdhUVfiZMGfJjKqfB2Qok1hqEBAvhYUpump": 1783856718.4002986, "F2q8tVCnykKggK9SeXMgUfyUqEawdi8tPd1JnRmrpump": 1783857045.5076518}