{"BXGEKuPwXvDSMz65vEjD9TteNHPgmycx4gCUPuUpump": 1782943245.4259083, "BhjmsqgwPK9hQtwo8xKos6MGM68JCjK4F6yoL1aNpump": 1782943517.221185, "6S6DU8iYEKsEUBYeAr1JcBZ2Jokwr9dKru5KAkjSpump": 1782944117.9637167, "2GA23vuHaY7eTAQW3itMSoUmcWjZuazaqh6tUtiBgoa1": 1782947806.4631019, "26sC7Bg6MDDW3zVXWK8xXSgep73K29im4XjfbRqApump": 1782950438.071688, "Hxxn5yVPP3wEUF8mJJR88cTCJeAT82kKE1aYTTaDpump": 1782951029.0893335, "Fi4KPaFycCc5NbK4SE2UCDCSoyMLbLkeG5vtZnsypump": 1782951317.3546467, "CvyshCSQhbLbdQWFDCsNGaDHacefGqFR8GHUE4c3pump": 1782951916.5987637, "7sBD2tnUbfgRR1RhqdznJ3a9GNhxjLD6gB19jkUHpump": 1782955232.3186347, "GFuxoJ4XGvKgFSYHLS3NHtiw3BZgx4613GtKLi31pump": 1782957029.599979, "HrZrUSWhs3h6BxVNBna1fUHTSAUVsQNtzMu1CZBRpump": 1782957635.3283823}