{"ES2uxM9etJitJr6KEFF1Uy6Ye84SQRuvTxUHidEKpump": 1783049438.288802, "8yLTi4ezvUBZg357L4RE1U8XA32pwDJubu3siiVJpump": 1783051237.8126674, "CwjEEWiiMWvNweSJMtT67JLmgo34drNXPdLUgWwSpump": 1783053034.2561147, "Egmh8vWLRrZE5AByuD43KYQjKWkcC4W68bz6jisApump": 1783055431.5169988, "FpCGjj5k3amDWRCegpxGrhm5FThtj6ypiSJLRdcppump": 1783062632.611488}