{"BxHrRmzfnKDpstQRzfLa65NkAj4n5aG4XMqBADEBpump": 1784232033.1220384, "KLqsazUTwRWECwqJzjMh7ZSYD8rG4voNsESPJCupump": 1784240717.8768215, "EBvU4uCzrGthkbMG5XK6rnmwyBbTKdEPrxDUZTYcpump": 1784242833.696527, "GTJpiZaCqapCcu5shdZq8D71dQJcyXad8BZadXeTpump": 1784243118.3578212}