{"7XL2qVF8hsRDaxxbmjmrMpi1FRFkGeoErTSndmPUpump": 1781462126.0772343, "FyAYcYyKBQiMdxzX6hBCvgGMYapH1NwFRUKSL1BPpump": 1781471425.908484, "HT6qhTEcPoDMR3hzyomaFuFB83Hcoo7DPaU2Qn9bpump": 1781474120.4571962}