{"HV1qExf1wqK2NLPuHpucPbCgcZsQWKBPtVqeg84vpump": 1784421619.418711, "JRYzvYQvfvQH2DezS6nWpAQqkGSU7GgMkvkw95R4C7o": 1784423295.9111707, "FjQLfuiXwHpf1XCCfXd2LqY3fJSbf38Tp7zmMWkwpump": 1784424624.175634, "B3ctTEb4HgzhSiTPpHAKd2nxNu7VHkqBi7C4uC9Zpump": 1784426728.76488, "9CMyPGEg83ffRJ3avBp9THEthDAjs21YPYS3mkkppump": 1784428222.7375126, "BSLmyKr4nVfhi2RFFU6HBQvfBn5ZnN719Ra3QQDkpump": 1784432421.0409856, "2ns8Gs9bJhKWqMydBDAhSDRKp6Wf69fWxcnzsgBQpump": 1784433020.0267267, "4Do7pHhCid89bj1RqhV3GUAkrZhnE6acCFHMdcgxpump": 1784436018.6658924}