{"GqQc4tjs6RkZt1EdsehKLZvNDTpZc9n3UHGxnbfNpump": 1784152242.3782878, "EQH5XdVy6531yQ4g3qNAvUiFru4CkJcjy2PVUBc1pump": 1784164519.742847}