{"FX1pJQbSKaGFXUNgXPuwAre2iymRMtj2hDXPcULHpump": 1783185919.383132, "D6sA8hKpreRfWEqLRo2fyx5UpmcHeEmGsQ1UndLWpump": 1783186519.5073473, "3zwXCKCDSsTCmeP5UZKRsz7jKio7aUs8GQXYVBs8bonk": 1783189842.759892, "ASEY7D7YWXX6GDNyLYfRWQ9w9zxojCxpazy4aRfspump": 1783192835.5430272, "59wY16HvsGRHhvr8Dwfj8evjHrcDNAC7g5dHJXwopump": 1783192835.543034, "8axDfNi43n79meuEWP85iGiaA9bhCKNGj9Xctnvipump": 1783194040.549313, "4HbpEPkkMwhxqtFKeSLyyEpsCtmycdx5rMonYeKNi5ai": 1783195837.7703865, "C73LTYMGv7uKcPAmJnWnCj5H9iJmTmFxtRaGAzepump": 1783197639.0175881}