{"2AEuuDipca4mbqhQDS473GgeX8vA5S7d9voTm8hepump": 1784179847.9695866, "E7vTVLLaxV3y68cpnDx2Q7ExeznhWgJKwPziKDsrpump": 1784180454.553749, "9HNRV5FoULAJzwrJsxDymoSh6LX1VT5HAnrzvXSepump": 1784181967.9848156, "HFmbKBN7fYCY2PPGYgwkvb7mAuo1v6cmWv1CPK6Xpump": 1784182241.66953, "6wBj1aMxxhxc9wTpfxWKw6AACR4LP3wkaXHPtDpzpump": 1784187923.3884735, "2WG2adv7FdJLRSBjnq2WKiuM82sJMiwwrcJH7h2bpump": 1784190048.6386626}