{"3oza9n1yE7mPsugsB7AjZyeP63CNxqndo8Qwycnspump": 1781205318.9326115, "DrESFkkBLL7Bcx9f1vdGBSAq9Cq8jUeXeoM4uZBZpump": 1781214320.8898604, "8uucgKcBNbje9cAHHWZ8dhX14znsrPV1AvxNj8Mwpump": 1781216426.4266305, "BucFPfoGNAeECbXaA6MxrvyZ2vaYXXaip3JtcY1Zpump": 1781218725.901318, "AVgbbeu24QGkbG72K1GcjQ3NFMtutFSzVPF7YWahpump": 1781218725.9013262}