{"EANgpJL8bELNv9TYymb5tGUXY6JHfn2ynxGGX1mnpump": 1782985834.2351959, "oeoBnptsthvwccmapRVuVVHVimE5H36NGmoby5Epump": 1782989719.6017241, "6ADsrds3rrCogMbVWCQVT45wp5fRjnfiFyCPzaMbpump": 1782993033.4082184, "9FDKXxsZUESDY4B7GYzpkf1zffPCW6ExrrDEYBbdpump": 1782993919.8531575, "FSdeHKckvpLCA2DarXkBHSyXj8GZ8TegB7f1wsXSpump": 1782997242.8224242}