{"8M8ykoAbwcK3RkVTB2Q2Q8dbZabMTjYPpYVxWykMpump": 1782929231.490135, "CqiwNniAsyjKHcX3dgEkjpYYiPt7u4G54syoUU8Km4z4": 1782936040.4761953, "Dhn598nQpopsrhHibF8s5nvJrmDQFoVK443fN7jYhood": 1782936322.790014, "FaXqUFubjMxT2LKJJKM989Enj4tUcPFiiKnm46dppump": 1782939643.493368}