{"A1Vt3Tq7fkLq4FF5qCjuAyir8Mo92Vu2A4DbNWsgpump": 1783720850.8450248, "ASTRAyet6YguMVPJ9WkfHkz9t7gNzpRiiB9fAANJu9vz": 1783721718.795736, "3grmULXrnQyN2A5LFStKFeSQsWvZjzNDsDVVLknFpump": 1783726516.0013978, "DDnp2jWESk8GwSsjJ1mKQ8PivjYTfSqYLxNwoRGtpump": 1783728918.2050588, "5fgccfF7L86DbApo4bVP5uWo5msmqat3B5gwvTKkpump": 1783732840.4578962, "8CV9zj7pFGrnmn1hUxdpuhbwnyLhx2XBTMWnKdV8pump": 1783733122.521978, "C4TFLdu1f2iGmKVv7crWVwQfRLApTgUFupxsvwvApump": 1783733444.5431561}