{"7vLT9GmU7iH4JT2NBDRTejm1StqZocfSDqCzfMvzpump": 1783224042.6955895, "4yzx2ZzdoawEUrP25pXcNZi8AN98m2yEbPaba8tnpump": 1783224919.9232728, "9MhUEWd2oFXyw911ZM94DDpNxwtkANrVHFwSerdQpump": 1783231246.235478, "CGT5pGSnokiTU7CLsfFCnAbvgGMxtZGvQVnrLRKbpump": 1783231839.324789, "CQJzHVvpn3Ewt6utez6MJ1hJBM4WVFHzV4kDoy9jpump": 1783236041.4986598}