{"2XmV6Jk6ATzKCnVB15cnPHCCF9o4Kn4PXvVFk6Rppump": 1784222123.6383145, "AaeRR63ihifBE6h9TVH9LV8tnN6u68ewHXHrJoRP5DZJ": 1784224226.348362, "AKEbKt5LMFCjNSMp27X3U1xS33RrhY9Fhk7Qbbdnpump": 1784225721.971768, "BxHrRmzfnKDpstQRzfLa65NkAj4n5aG4XMqBADEBpump": 1784232033.1220384}