{"AsCCY8efwiy8T9R6ba9BaDUAQYwwSWrVzyvnY72kpump": 1783115717.1217768, "GLXY8gbh8S63RJvvdf98vkuf26SQhNcJNq9MaHBhpump": 1783120843.1689243, "9vJXuTkLk6weGvt7EfEui2fgGa8f4ZfpBScVV11Bpump": 1783123240.9791646, "6qPhG9X1YUWHekKro42H6nZLRNRU5HMbnAXSgNqepump": 1783126234.9241638, "DYpHuMiNHrfAaWKj5Y3iQL8ydZ9oJy2ANCH4c7DApump": 1783127717.9818952, "BUkEFLzmyrhA8wtwG9Xk2VBxsvQx5H49ovahrV1Ppump": 1783128641.7940595}