{"6NHhK8q5cESamPxmQodjDEj5scRM3VoyP5i9drhCpump": 1782151826.1081314, "SwuKQSbzNVcc2Gh7PTLskGu5U9v9w8Lgv2NnA292uok": 1782153330.3017797, "GFziLKWd2JX7XpzGMCL5fpWZfZ2DnbCraPkTkF5upump": 1782154518.7457426, "DXEkQNEDw7LWrkVSUZJrLeNzDgtxcdJg5KNqFYjDUnRJ": 1782154835.4077818, "ERxo3tdmu3UAVyCR4JqbHE3tubqjoKJMkZzvYffgpump": 1782156636.0720248, "9FY7zaa53jAiPaSTUbJGT6aJRtX931isBCSFs7eLpump": 1782162922.5981865}