{"GD6VLFetRd9LKVvsWVXE466WHR1BNmNNFKjRT8Mgpump": 1781505318.5075293, "96ZbDfTMGCpuE4ZSxqq9SK3XaKpXksYqoRx9FYNpump": 1781513421.9555948, "Hy6xAYi4F3ybaW5iHi9c22ZEpgwfmEzsVCdozcpkpump": 1781517320.7563663, "5WrhAdqrtaBqzjoPEQ4bVkukQGCmR9mrcKeeifCKpump": 1781519433.9606}