{"CwjEEWiiMWvNweSJMtT67JLmgo34drNXPdLUgWwSpump": 1783053034.2561147, "Egmh8vWLRrZE5AByuD43KYQjKWkcC4W68bz6jisApump": 1783055431.5169988, "FpCGjj5k3amDWRCegpxGrhm5FThtj6ypiSJLRdcppump": 1783062632.611488, "F6irzkr8Pe7CkvbMx7xQcya2sqe8fhWu4dCXfAW9pump": 1783067118.1545339}