{"2V11cBstJRqY3KmpbEvusbYs6PbpfvdS8q2KuSiJpump": 1784751923.8769507, "CAqfq9VneEGmNrUXxu9ofyFfAyGppjrXpKqg7fnssarB": 1784753117.5909338, "55TLkaCjVD3if5pnMdcUN3cvUh2CaSYnXSqEinqgpump": 1784759126.2915142, "2E9ne8wvTebVv8JK4uCEc7VZgfGNkUjDkpcD9iCwpump": 1784761230.614519, "7pPLfgLw9cWnPuEMxYzgXjCoGC3RMeW4zmSFmPrmpump": 1784766019.8103328, "Bm4Czuq3X7BwgU429GiLb8wTHLNBiCzcysN8Gsqpump": 1784766320.4126647}