{"65tKdvLHPVM9ULnV78Hm641hToZhhmJdUyL7YnG1pump": 1783323920.3656182, "FL6L4UYfH9HrmAjPLTRXuayv8ZsveMRZNpfuhyEupump": 1783326318.8155077, "ABDR768zqomnEPkHT4y1p1W3JTsLwpJxRhbSSWKcpump": 1783329321.08321, "Gn29icBddoLpg4M5SakzzVhPcBFfAxH3uY3wMpHLpump": 1783332644.3151705, "7BEPYMVq3X9JFes4JDervkrJQ7TNDeBEd4L1nuGpump": 1783335321.6677675, "A8wXmAgVy3peeHtifXNvYUUirGdNu4ezJoDno9trpump": 1783336246.3552482, "6DbipwxwfAEn2B4dVmqbBZjo3sMVYf5Tt1sD2TwSpump": 1783336524.9290717, "DkmmVCUaBAcYjecqMdX7NdNQFCfb6uh1yQq9HEP8pump": 1783336843.422344, "3JeuCbFZeSKs9wuVMCnFuj2SrvGX9LebbicsNWuLpump": 1783337117.6475942, "D71ZjzGKk5duRFBmdzDMNmehyFuoN3xx1bCFiPQPpump": 1783337449.4270597}