{"EZ8Sp3zx8RPswHNYnykFG7V3uLqpua5d89qpVD3edoge": 1784734524.6239583, "5JmoHiaRdNXHxseFY77QcEFMuqzBMJfPhH8CBhGgpump": 1784735121.520655, "Hb42fF6Ht15YtmFfLL9F65vQB3u6L6UBd8oVVe7mpump": 1784738421.986551, "GQ3trzh7fhZo2RYmZxi2MJhefuk7d2MfR8pNZRR5pump": 1784743516.0817542, "FghHacaCotX6EmLbJRf2C99WjWdZAsVuAz6M67f6pump": 1784748317.25608}