{"E7ZvgURQy4JeURja9jecsWp1z5RvnibmWHkBBXjKpump": 1781584524.5294213, "FFRQbb9KaXomHrBKrtJ7UxrqSTxDGk8WLjacqnLLpump": 1781586924.5716805, "3xqDG39sMvtMYzLuqn6Wp32zbhQhScsYb92aZqaMpump": 1781593233.3118787, "6fVn7Eiiw1mTKcSYU1kVErEUqfdJ9f11FsyyjtN1pump": 1781598325.875597}