{"9s6kzxciDgDdhR6S6CLei25w9AjH9XnQUS4YLHMVpump": 1784034645.4286478, "HjCZxEZ6JCcuHsSFkhCSV1NUAhfVfshcM5cZvegLpump": 1784035518.632008, "5eiJm3oJRXcd3Aahg338P9DFULG8PPzmCUXGoFKpump": 1784040050.6365497, "2T5Sj2YiLuUQwjuDfv9qjCWPSwbfHcbMkFax4zV6pump": 1784047244.9609559, "6fkhFEPL1KjipJkAuJg6gCQmHsnvwfhJXUyjV2Tspump": 1784048115.2112482}