{"2NsN1aS6LYzuoSFSDFq7CekcSyKSyA3qYoKngNWepump": 1782758721.9424996, "4uUgwMPu9qgMXnHYZPGRjkXLj4EZLf75vVfRNpw4pump": 1782760226.8742964, "C9546c2s3cqqgys9MbMgq6D58bACKBpjoW4AwQaWpump": 1782761719.6818023, "EGg56E1YtL5YapzkF7vkRThHR8i5FeRvm2LLuySdYory": 1782762625.787783}