{"5EXrWoTBTieawNY4wNweiV7V7tV7aGscJcmys7NKpump": 1783152319.2257543, "RRWCLy2ddJzSC7B5wfBEAvEDRtpt8DphkZGYnKJpump": 1783166443.5225935}