{"8k2RVnWgqhdiU3pHX6WTqtp71Uq7rvuV1ygpM7vrpump": 1781420436.3352048, "4Rxa43qXYHChzMTvdfXvzt76Po7qWe7afGKQwbk4pump": 1781424320.4934263, "EQHgekT3TAyNqXmENfgbexxzBj6rQzXV6n5nEM89pump": 1781434829.819225}