{"FjQJyapJSmmp9mqoYgLEoTKgAgVUaCc4XpnMb6x7pump": 1781972121.1041412, "4BsYbLWnr5pHL3w3R7Z774YPwGvgC88ZtWWk76Lypump": 1781973919.996834, "74Q9nNmZw7XuN6ooMDurzeWZhwpyQqisncYXMrfKpump": 1781974604.9686737, "AF37dn6WSNjy7iqNBUVSjMch6rD2CUSKXvUrXj68pump": 1781979020.313574, "7gnDEtpjuqi2EGN4WvcGED1RY1eKzhAApmhcdgiqpump": 1781981121.3211265, "DetuJj5UYghjBtSYLsnZWx6g8ihYqU2kNHR8wup4pump": 1781983223.0381298, "fj5oGfDSBCFbkFyUNvPM1ZjU9LRQdCAtXujt8dSpump": 1781983223.0381386, "J7nejjwUAxiSbX3DpvTkURscfFSrK33saNoU2ovHpump": 1781984721.5624824, "2DvMwafACykvGa9CHbmoF6BEaPWWUAqwa31m1WLDpump": 1781985638.0950074}