{"FqG8PWuoj1zeXVG1i13fZSaBhqfNTcVcRfAFvGkqpump": 1784862920.685949, "GeUtuRJFSdzceWbwC8rC6idbDRUmyxuFDBQxAxB2pump": 1784867424.01745}