{"7QuYbCwnKmyS9x67ezYfrpo5rQzQ98sSBTN68ZYNpump": 1781963122.8492117, "HoeQcoQwBA1p2A3jd9AB62d25MUWZiydAxku4P73pump": 1781969428.3022673, "FjQJyapJSmmp9mqoYgLEoTKgAgVUaCc4XpnMb6x7pump": 1781972121.1041412}