{"J1gB9BVLhxFApuko6MXeYfWXESm3YpidXMfA8GVypump": 1783033238.1839426, "CnqFjUb8Y9fj8DhokJuADKhSz9p2kwbsiujrPeu1pump": 1783033831.190998}