{"8YyFWfzAk8HrGscVoPLGmZBiA9BuaakuUTiQn8yJpump": 1784420128.8843455, "HV1qExf1wqK2NLPuHpucPbCgcZsQWKBPtVqeg84vpump": 1784421619.418711, "JRYzvYQvfvQH2DezS6nWpAQqkGSU7GgMkvkw95R4C7o": 1784423295.9111707, "FjQLfuiXwHpf1XCCfXd2LqY3fJSbf38Tp7zmMWkwpump": 1784424624.175634, "B3ctTEb4HgzhSiTPpHAKd2nxNu7VHkqBi7C4uC9Zpump": 1784426728.76488, "9CMyPGEg83ffRJ3avBp9THEthDAjs21YPYS3mkkppump": 1784428222.7375126, "BSLmyKr4nVfhi2RFFU6HBQvfBn5ZnN719Ra3QQDkpump": 1784432421.0409856}