{"EuNTgimTby95VwudrR3DH8oGbhvkVbM3FjxH3sd2pump": 1782087917.7986512, "HwSSrHiGxtZSMcwBb5VMPhcipMbPA1zhkD1sudeppump": 1782090318.372649, "72ZtU7qxSbvhzC6Dx9bicQ78w1P7wFCPCsUJrF4Kpump": 1782095122.878286, "bgVgEFWjMYv7MTfEY9yLNHgSgGxv5XyxCLwpDPvpump": 1782102019.9266992}