{"F5d1jdoNK161F5b38h9foUD8mAHS8tXMHjYrDYw8pump": 1784813717.5714738, "yTGCBqAoSpJxLfUqxmahjdr6ibk7Lu424o7nvXG4mZo": 1784814325.5592394, "EX15x3F5WWwjAtyM6ftDJBY9RDZTe8rQxouoLbWRrekt": 1784818520.542101, "DsuA7GrgSDtGXRDXKQGRtcMXx3Xs7NWcJAk5j17Apump": 1784821221.7826521, "FE5HFEFHsKes7C1nJDjoquKCAKy38U4TeRJAANvEpump": 1784823624.475374}