{"8yQAo4Sep6Cq3xGmASeU6MfGdB17ZFRd9kjFj35kpump": 1782594322.96216, "9L2GBHGpTS8Ct2FwpW9XTon8hJfEysMPYTK2LDqZpump": 1782596119.6441927, "E5kGCj6VNekd2K4RT1gYnr7AAqdeaK5X9aHCgNCzpump": 1782596119.6442025, "FPeo7YEq73MoSVnokKdE76hVXc7jDScd7LpJy6F4bonk": 1782597629.6630576, "5wHKLgWSXPQzpVENoXv7N3TBmkMAuLMMopAE6bcupump": 1782600326.4627182, "cvkarf1CtN3tbLRk961vsaEf4T8QbnihDkCHa93pump": 1782602421.1621802, "2XbFxW8TsR1guXbryXdHX5UEbBQexPeX95ouFvtzpump": 1782605118.4403882}