{"ERSGe4BXyeSWe2bW1VyNARes9GfS1UAyCWCYRpR6pump": 1783788039.152461, "5xaiHuB35juMsQzWaWaPLTc6eQsLRcDzg3gFzPJKpump": 1783788645.1302562, "Bu3hbyUd9qgDWv4vrrKDk3mWR8LDcs7tiZrmjRrzpump": 1783788645.1302648, "BpLRS1k1A4Kn9eca5q1xo5QezQc3zMMFxvwhzJ5opump": 1783788916.4384718, "3AfSqjksWQK7qj8puoAma9xybTzFUXGzDRkFbyRKpump": 1783799120.4669995}