{"ATA7qqjkSPDwAempd5MyEJoCnxRKvmyTgGC8fxkkpump": 1781811922.2253664, "5kZowpTbxTHFdoQBZWbiGvkCu4XTcFcrmdoarAvCpump": 1781815221.8290713, "9udqGc6dTxhn8Krdu675mcEAiSZ6BjnE77omqL1xpump": 1781824820.5650864}