{"9udqGc6dTxhn8Krdu675mcEAiSZ6BjnE77omqL1xpump": 1781824820.5650864, "AHGnx8kuzyKKTecwmoxZtVQ9ySVosMo677dgrBcgpump": 1781834431.776735}