{"4WfoYERYFw3AQWc3MiJz4H8YScu7sbGFoSX7xCMepump": 1784314228.475775, "8TQAPEgP8jcWPeLTiQhFCFtPYwKhpjRvTngoPAmjpump": 1784320826.0738182, "H66JtYQdhdFayyTNYer6KNhhLVdqfopYqqQi57d4pump": 1784322031.3282633, "AXkXDHko4JHe1PHrgRmDG9TxUxNRFfQnY4d562RYpump": 1784322318.8130083, "38KndZkopxr8qnq75sLc7EexoUZPWn1mE8pkV1Cmpump": 1784324429.6830401}