{"2vvw3cSwibzGD6SgW9QzRaBdmjkYrvs218DUy6VWpump": 1783443652.7284997, "8b7rPXZ1owSChKM5iFKnrbgbpR2LvB7dMWQg84ugpump": 1783452649.567715, "8KbNxX1378WoAQK4hzr9uXdgxD2UDMt9WQbaPR14pump": 1783453844.0733895}