{"D1yEVsEmSxe9GHuMJJqmNswoQPzBC8hRp7C99ZQEpump": 1783654247.666917, "G7iP9CR4fmCxUpoe3oAQgz2NQErwEFrjZMLZq8Czpump": 1783655118.5150318, "5EtBUjDACK4Dfuechvxz8tVWx9EtQapbVvJr4rSApump": 1783656639.4108305, "2tfAfiZLmfRjYNoUgQY4pxfZXRSNVK4ugM52p73Vpump": 1783658718.4971206, "ART32E27WpSJeWY9cQaKqbQXcH7LpBXHo3MRV3ENpump": 1783658718.497126, "EeDj9D55dwVJDnxqMpxE6A2mgy2HWj6oL2kmu4Z3pump": 1783661117.437086}