{"DLz4bLgo72D8QCpVLwJ1QVL7MvFxX2wq3diiW5ESpump": 1784442623.6278636, "FjQLfuiXwHpf1XCCfXd2LqY3fJSbf38Tp7zmMWkwpump": 1784442623.6278706, "D62iYdVkZ96wjdcSrf9MRBnRHiym3pHGQXx7Ek9Fpump": 1784448318.341796, "H8TgEwPXvF7kCi7surjf5FB7ik2BDrdgYmpoztN5pump": 1784451020.988963, "2cAtqsRafKS7baN3mvJARhyZiMRdW4fZYNUUWUrCpump": 1784451316.4150753, "GxFqmcTGfrh5S78ie3enoYGh2TzrwJ2AK3Dh2QSjpump": 1784451919.5998552, "HR6paqSuqjEcG89SDDMySEGqwkRhNLSi2FsqhasMpump": 1784452902.0912802}