{"2cEc8AKGjjCeYNXod2f9aPuSdoSihzK6Br6ceCwvpump": 1783641157.901266, "HnkB6cP2fEZE6KwdHwLEdEEDT8J5kUGPL1wFRqd4pump": 1783645247.1185813, "D1yEVsEmSxe9GHuMJJqmNswoQPzBC8hRp7C99ZQEpump": 1783654247.666917}