{"B6MjCPXvFL2YN9UFdVEforzi7ZvqdXNb3Eetr9gypump": 1782395724.6451588, "7LjyeatcfwWRDVMmix9Hu6frMimikRnJyQKCxWcjvAyP": 1782399927.730473, "58fGUikmrBkzPm4ez2RQwvvJWLQDhw4HoSm4Rr2Zpump": 1782401118.3196254, "86CQ5gYV7tJSD2EEAyGtPhes2Z9iit5jhiEtYEr8pump": 1782401719.38555, "7U74V3oJy4U2V2YmwJEQ1UcoZ5woTXGBvpKKXE4jpump": 1782407724.13921}