{"CQMwk88SSp84aECqjk7xfVXwcMEQouymwG7acibMpump": 1781271319.5337255, "CxoR1nP9W8Tc585ziwA7VuAz5rYUJEXz9CwwNpnpump": 1781283624.9095757}