{"HbPk9A3Ho3QTQhgiFwfjWZQZWXr46w31q2Rm9VTJpump": 1784205325.052251, "3QFvseNX1Fdkc6SZV4AT2BfSDvMUH4xQDY1H7TbPpump": 1784206849.4739673, "AApJw9BntbC1RCdANkXHwmRpGxZLzDY1p81hcxkYpump": 1784212253.427647, "Egz4fxsA4RzjguJ1CngZwZodeuzsjtYurVVXyncfpump": 1784215230.6089492}