{"5C4fgF5v1BvaH1EkcwDRpYGGxPtpAbztjs9gJ1Gcpump": 1783263319.465006, "7UYN6eqSZMRCuWtAsJDWPWkKoJ5zLViLbBh7HRCLEwQX": 1783265116.6383774, "zPcCFiLKYyRhm9oN9ZnvnQ9MiLf4q3Jqw39nreApump": 1783265718.560449, "B7VM2osvDkXupTqR4GwHQcnn62496tJd9i5g1THBpump": 1783266637.0924013, "H1ohgrouxAGCMwWya1j7Ewur5M2pGkQtZ791icbtpump": 1783266637.0924082, "CMx1EUTXhnUKYF5xYMCSkDmJfvRSD7a4iwayW1DVpump": 1783266916.0678747, "4MnczXgbDtpDbFut4kF4mQiUHEPfd6af6HjucynZpump": 1783267242.7055895, "DqJEBaa4veVartQ1XRse9B9xuX85EtLF5C1B9bCgpump": 1783276839.3708212}