{"AhTVuo95UTjuWRjif7h9ipVZPUneNfxCXfWZwEeFpump": 1781535921.574458, "BXbha4MdYt1XdMZvYWpxCFAitvYg793pZJSLPQjTpump": 1781540132.536831, "7LGUVymedpGu1Xh2eKxRogrMovzLBJqjLxqMark3pump": 1781544026.4687274, "5LuTk9UC6Fv4Ssafmy2JZTBzXyR3DCT3ZHoLnYJcpump": 1781545527.5296242, "1GeyzSHQBzo6K4snM9fTf6VHHDPVNbVsL2NYCEgpump": 1781547635.6326876, "DuamrFMW6RKXieEino683F7VbwXSX7e9CuhnZ3i8pump": 1781549432.2495563, "nQcXcmGN3HFMQuKszgRd4PBScC5VSS2cG16iMvypump": 1781550037.2462595}