{"J1gB9BVLhxFApuko6MXeYfWXESm3YpidXMfA8GVypump": 1783033238.1839426, "CnqFjUb8Y9fj8DhokJuADKhSz9p2kwbsiujrPeu1pump": 1783033831.190998, "JeA7zwqJGnjN46PkqPJHzSBLwSGsACJC2pMf37d96CY": 1783039228.853577, "BULBzU2i5k9hp4Vh8JgDW8L1fGfskgmoTzMM1Kx7mAho": 1783039228.8535829, "ERBATen21ug99H7p2C21fCim9TQpBBM79QT9VX4Jpump": 1783040118.4607184}