{"EVbXayw9HEmhuRcaQVoTCiHiCeEtM39Bw9TfeVmrpump": 1784267119.187972, "A7WLqws5kE4kau2nLkc6ehXfiARBRnTssuUyMa2Fpump": 1784268321.3970938, "3YudidgEnPyMekuUCDEUf79MPqce8FHWF4ZSBV64pump": 1784269228.153945, "7pk7UUP4qgznjZqEPUkWtrwfNoUDC7Dk9FUadsCkpump": 1784274918.1808417}