{"GSHASZ3G1CPmLYHCRMQfR5Tjuwz5JkDTQZqAMdFtpump": 1782277231.426673, "JePccRh1LVMYLYWydti7asjZrLmsYgKLdxJ2BqVpump": 1782281725.3988643, "AwRzXsRbGjkW7GQ2zpYC3V2fVt7QAbtpPiCoj3Ybpump": 1782284723.2831352, "382YojVQdcb5DV1QCj1KdN4XPVZebS22XAfDr1EMpump": 1782285022.1915748, "Bg2q2QGCJLQNbyavVHgLYETzJBwGTEMMGexsToNbpump": 1782285022.1915812, "xJcByDkCETpZFarYVbZ7pGc8fxqESd9LBjVbaYepump": 1782288028.6304274}