{"6BoaJDW6aibTJzhz7GJjnkC2Ngdxc2PsPQwv5Hy4pump": 1784517020.7788494, "BoRwd4FuvPUTi8Mu4ViCBG6oe7i9PesjDMePEX4Tpump": 1784526327.0467815, "J2YBGX7RTW59KagTzeSpubYRL8BypqQwHCZ3bn6opump": 1784529621.6978335, "5LgLezmiPBKLU3Smt5yHQKbaEzuTxd7D6NPbUf7pump": 1784531420.3240926}