{"2hAaUpYyNWeeNpKwh2vnppwjmj1TKqSyAXUdcW8Ppump": 1781559924.1107905, "HBf4EarsNN16wVYRRbxHz8Y8RrZfBJXmsrasaT9Tpump": 1781561422.4156184, "HUMBMeiULkj4FVqJqyTn7JQJheFmqeuPZMhS9AMuerj3": 1781566828.717823, "AjXnPv71h9P7rfMFYso1YcQWdHJVNajtFr5LgmpXpump": 1781571027.1906755, "941XdLSSxmbgj2o3vQTH4sAZZ3vA83S7UzgZuC52pump": 1781571027.190681, "GLLhAuX19N4DPG1zwhGZFn2FCc8gqX6DNd5WiLxtpump": 1781572822.3952477}