{"Hb42fF6Ht15YtmFfLL9F65vQB3u6L6UBd8oVVe7mpump": 1784738421.986551, "GQ3trzh7fhZo2RYmZxi2MJhefuk7d2MfR8pNZRR5pump": 1784743516.0817542, "FghHacaCotX6EmLbJRf2C99WjWdZAsVuAz6M67f6pump": 1784748317.25608, "2V11cBstJRqY3KmpbEvusbYs6PbpfvdS8q2KuSiJpump": 1784751923.8769507}