{"9id8m4u1SCAyExia8EDmDrYN4nMfPv9AqKi9iyXnpump": 1782117623.5652874, "8BoLAJRc2gULeZhQGzRtQ12QJNVFbk2vcGVPquncpump": 1782119425.970446, "H35e26jbohkY6Yiwem19SjhFkMXzXLsvKskv89fMCHUD": 1782121524.3614001, "8dzc5ZtAwUGD4HQFycaEtRfCeTrjYnKAXN2nhSA3pump": 1782130823.5750792}