{"GRnVdzDbv4hn1p4PotEPYZW5TknE9UuHPMAuiYt3pump": 1783182920.418095, "FX1pJQbSKaGFXUNgXPuwAre2iymRMtj2hDXPcULHpump": 1783185919.383132, "D6sA8hKpreRfWEqLRo2fyx5UpmcHeEmGsQ1UndLWpump": 1783186519.5073473, "3zwXCKCDSsTCmeP5UZKRsz7jKio7aUs8GQXYVBs8bonk": 1783189842.759892, "ASEY7D7YWXX6GDNyLYfRWQ9w9zxojCxpazy4aRfspump": 1783192835.5430272, "59wY16HvsGRHhvr8Dwfj8evjHrcDNAC7g5dHJXwopump": 1783192835.543034, "8axDfNi43n79meuEWP85iGiaA9bhCKNGj9Xctnvipump": 1783194040.549313}