{"BSLmyKr4nVfhi2RFFU6HBQvfBn5ZnN719Ra3QQDkpump": 1784432421.0409856, "2ns8Gs9bJhKWqMydBDAhSDRKp6Wf69fWxcnzsgBQpump": 1784433020.0267267, "4Do7pHhCid89bj1RqhV3GUAkrZhnE6acCFHMdcgxpump": 1784436018.6658924, "DLz4bLgo72D8QCpVLwJ1QVL7MvFxX2wq3diiW5ESpump": 1784442623.6278636, "FjQLfuiXwHpf1XCCfXd2LqY3fJSbf38Tp7zmMWkwpump": 1784442623.6278706}