{"6aoSWHohMdCfEXKkUjJEVazb4qrfZWGYCVSinp5wpump": 1781225418.3021214, "43RuMKo4KTNekqjGSBM4NTsnL2dA8kf2MopF12eEpump": 1781227819.6832943, "CDnjA73rXBsqivZM7WMe2JULkHxfZNVsds9tw3wVpump": 1781229622.5084517, "EqP41MbGWsB2Gk4gzoMFw39nd6hmWbaaR8u1Udv4pump": 1781233519.6667664, "DY2ZAaZrt27b3PpXjxH8qqDBZwrEoFoSqb83t7VNpump": 1781235919.2665637}