{"FdVWwqNvQgaL8Y6mYju6j1E3Mx6HUBEX2Z3g2UgRyde2": 1783095321.760443, "6nNcRsCL5QM9eia2TgBZg7YE2xTsAYBAuSNFCvUHn4Cr": 1783099236.2887106, "27ysM9G4zmptSu3fC95AdR8EiSKXvCqGKXM3nX7Npump": 1783101916.9546857, "J3K3fEaeGcBPk9pA4y1bZAnu7QireYvwBhxwQGmWbonk": 1783105519.984355, "H31SbPSTDRiGrJDagXYn2SAjmhFaogNPUYhhQ3GVpump": 1783108238.529356, "BR5SWd2Z5qMiGpnygrymjEfzJGCgx12mTeQG9TFCpump": 1783109117.8505313}