{"HfFXv9yraxKns32UdA2hgcMSXZaD1sg99cCZ2zeSpump": 1784640022.1423616, "6mJoQqcPEjiQ1hFya9oH6NBCQLhvS3mwVQWV9EcTHg9u": 1784645121.9520288, "6Lg8hJABEbBWHCgK7wSDp3eqUAwBvghTdeuHH3vzpump": 1784649927.8848095}