{"AoVxqCdzx9f5veouTjVkNyxm2tCR3fxr1RLpiK1pump": 1783739438.2509975, "HTgLRPWZHuv7KafUXu4THeXeXE1585WV2V8sqzSgpump": 1783744839.926797, "6hKk9ymYMejWURC1GhKj66Rwcn6VNnHHe1E3JgE4pump": 1783746640.679984, "HFNPkPmWCBs12aChZhX22KfDYuVAPVPjKJR8uoCnpump": 1783749043.3372862, "CzKMUSKADdHuyjmWsedeUQLCcTRFBbEVg4qvxwd9pump": 1783752041.5816083}