{"CZ7GbjpzeboQforS83xBk7ih9uwSspAb5THSfn1opump": 1783870515.8233218, "3XRE6BDc8rD9GPC7f8x6Cis5N7yDbh3mWyaqceCnpump": 1783871719.4722574, "5VMbcRosto1RT6GZHRucUZEM26XEoTYcmoSbNhq3pump": 1783874116.162651, "ywTphoB8HuoTsJ2borfkN2p33yqNdtkofAWiJmTpump": 1783875048.1656802, "9XDXsg3QQCGrwjjN4uJb9amCwE93bb3Ngx5xQwP7pump": 1783877448.3429658, "7mki412wXATW1T3m9YVw6Msxu1JcJtDuT72Ft4Qfpump": 1783881317.0246794, "BdYp6CydDQay84P92McAnCixReToms65kuvoAre9pump": 1783881642.4571931}