{"2Bt8iWBew1uBfVs8tP8rBiJaWHoiYLieLwXFmQFHpump": 1781767826.559859, "2EBXmwiQLRxieyCp8jDmHAReCLq12No5giusMXhypump": 1781769926.7794425, "9KNoVkNKSx6GrMcF4TbMu9LL2X61CaBxBAaQhQuipump": 1781772323.2988994, "HFqdTNwZu2F5VWJvVME7i93mATyd4AxQ6J52vNdPUgL": 1781775624.0611472, "2HmMUm2VLXH7BLWYmwa4dpgz9DoSNQKuvbHNY2pQpump": 1781779824.08561}