{"9zvFpDR7u3NFnCZUkZzxJNuFSF2gnHC4xJ1bMdZ5pump": 1783609252.5961938, "AiqxyM1VCBkNqsW6MigJb8CaSUj7TjQPv9sUZWTkpump": 1783611640.8641915, "CCcoPV8A9bKJmaRMnsUJMCtuC8GzW6T3Y9uWTysapump": 1783621238.1631925, "3xFT4J96VzGiJfETTTsAuTKbnQJQZvLESes4TTGspump": 1783622440.7270527}