{"7U74V3oJy4U2V2YmwJEQ1UcoZ5woTXGBvpKKXE4jpump": 1782407724.13921, "y1Jx8x2yQCJbJ8xm6MDuahELaiBmb6KeNoXqTAspump": 1782408919.4257522, "3tB66mUJcPzWK7uTiweKK99RxkzN4uNo5gXQVwagpump": 1782409828.0160394, "BgXWGTzPoKewxnBsYDjMazVqffDgANwfz6KSqDeupump": 1782413124.2800715, "8VnzzLkGMXYRwvDCz2HHEbfvmNFgaiCcsxA5jmTApump": 1782417022.6553, "GpH21JLJw4i7Ty2wJH2RtfjzDixynMiyoLs5wK4Xpump": 1782419719.2894392}