{"2DvMwafACykvGa9CHbmoF6BEaPWWUAqwa31m1WLDpump": 1781985638.0950074, "7pykXUmT2dWd3pTPT9pjVVN6dgTXzynv5BamHHCypump": 1781990420.2026672, "F25zq8u4TbtaQxq3i1qtcndUmFaLCAAYtoraKSwYpump": 1781999120.5932043, "FPba1s2xs8M2nr7Sx71iPGDYyzt3uUV2bkFwqLrEpump": 1781999716.8637953}