{"D7yxpaFWi4cxHEtXv6kNNJPX1dXJgrMadQrNEzhSpump": 1782428719.223545, "2wGX6NEfUhUGkAeVL59RVeTXrfBbWg3GiJrPBUCfpump": 1782436220.7499852, "9NwCQsVKVtxVXoZfxMwptYzrwhDQcmST87bwJHhKpump": 1782437717.6102903, "ARMfyWanCZ4zhvkvDe6rMNFsQBGsNTPAtkY1qGs6bAcm": 1782442221.68254}