{"G5gbLBkVudpLeFHDGJw7s6gRzUctSBTWW2LKXF2Ypump": 1782233425.9432425, "GCp29oCb56gnvXaxur2RmQ6MDF9pac3RN85PVma5pump": 1782236124.614462, "4NVtTJpDWFydrEfaYV9UFHt868XbPZ6SkG7QvYuppump": 1782247821.4301453}