{"6fVn7Eiiw1mTKcSYU1kVErEUqfdJ9f11FsyyjtN1pump": 1781598325.875597, "D8bmt1ZNv1sZyi9Y6rXcX1Wo5WcpqzEVVxGUv3okpump": 1781599523.494782, "5buZ8UuBX9eBzjUkYqKZaiFkEhXSsnSjmGvnLJYpump": 1781612130.4563596}