{"4rABHLfm7BDkkjrkyPYtRadg2BZTEZVoEy3MzrFQpump": 1784562323.6078346, "CMmMKQJZbRFBAfUM3mraXaVyEjjTMWUtBaUcSEDGpump": 1784564120.222666, "Apw5h3UdFBELcx5YMtqjgoLnD2e9mmJBVDmUnj24pump": 1784567187.4202569, "8D9ncyi7Jd8ozajg4aewiDMaPR42czdZCSMf5nWDeBZW": 1784568316.6923099, "6ATCegFMnLmJdGiLQQYgo3qSc9rnhvz6rep3zbBjpump": 1784570720.1321733, "BcDYCRKNmYu8jiKPWr9FTVh97PYHYZd9p1Ug2Ufhpump": 1784571022.787852, "6BCxUXKUoD2jUK8BSFCQP8B4kfM3Vo6m8VpQFoz6pump": 1784572820.082527, "HTnd1QWNn8JDZJdEK3Kx7b52GocwuZfx32s94h7Kpump": 1784574919.060199, "6d182kcKKrG9nAchcjvN2FQeGSG5nnTyQWVqE48jpump": 1784574919.060207, "GAgqP2a7Fy359pqbxzafJixorUToRSVzPbBpGrtspump": 1784576422.0794706}