{"86CFcbZBJAqGVnfgnLNcw3tPmfaTigAR2UxbUPYTpump": 1782851716.4504929, "CdLK9LYLJFoDTqMMuPo9Wc9J11WXMRVPiwUEz4tTpump": 1782846627.9378424, "HGGBJQpERkzjF38LNfE7FFdpLit4zpyWszoyyu3jpump": 1782847524.4608614, "AGpsaUA2cZnhUFeFDKAiv2TXZc1UWqnaijf6ms2ypump": 1782852629.808164, "V1qBxZ72Ae5eDCP3MVdgW8S8RBUtcJfk6pzdimspump": 1782852918.8842661, "AP6vhUNmXXPiccsRBVj3Gct5khAU1ytjwBV7vuNFbonk": 1782853242.0608163}