{"3oCAAqNwRfkUJAMgJfoVZtDpaD8PbPhQXsZYyabUpump": 1783384249.0715437, "9Pfync3ejPC9eHqVzq3nYQJAhyhjqpnB9UsaSfLxpump": 1783384841.7145298, "2oP8W7HL2WxE4hjPhki1QtrV62oHtZbJvVhKzpH3pump": 1783385120.570687, "GwFfMp7pfjVML5dxYPu9YJ3knG7ywrZWJjfNuVx2pump": 1783387243.791778, "BViqYz8zfBgbPBR5eE9B5jZsTPn346GkE1Boirx8pump": 1783390521.3492527, "6mNBeqQJSWoeSx8R46HxGqPFw6DtMRHJE71NGqRCpump": 1783392647.2124102, "7YnzMgUvUjSMs1Xi9rYE4Dz4iV6RDMmuabWPmD21pump": 1783392918.996052, "2LxfJRRo39Ch6y65UMHUdSpdVHaiAYtHNraq563Cpump": 1783395643.6736467, "HBKmnamsDdyjpYEPpuWt6y7PheNvhUAnmFCYQr8epump": 1783397441.2752206}