{"4fPV1ipmB2LsZP3N8XDkrpoiPDCRXzSpmFNkkp2Hpump": 1782070226.0275679, "EBjg3JWXcLZ1U5zxMCoRppeuZZQXXQziniFLLSmfpump": 1782070519.4471724, "4u1PPMtchn2BtMJRKejdk5UXF23wn7BDG34PudTVHXm7": 1782071119.6401706, "HB1gA6VJocMKnrADJUhKLMGtb71CWTQUpSTGyDnppump": 1782079826.9585245}