{"EhB1sbSiFVw8XYb8NJUcKEJocGsa4KGxxrS3LsvFpump": 1782688225.2081118, "6hvpPdfvo9HdE3qbZVETNwT6KkFL2T3cLAzKevnCpump": 1782690564.9399498, "BGwYnDVe18aj9cozWcKNhiTUwayELULg5rHLGPPdpump": 1782692717.837977}