{"FPeo7YEq73MoSVnokKdE76hVXc7jDScd7LpJy6F4bonk": 1782597629.6630576, "5wHKLgWSXPQzpVENoXv7N3TBmkMAuLMMopAE6bcupump": 1782600326.4627182, "cvkarf1CtN3tbLRk961vsaEf4T8QbnihDkCHa93pump": 1782602421.1621802, "2XbFxW8TsR1guXbryXdHX5UEbBQexPeX95ouFvtzpump": 1782605118.4403882, "7N3RPJC7ZxXyEnVyx8i83dcKb9QjMjV34cH2VKjypump": 1782610520.1543608, "CQQdwAGCppniLrtFpJWBxYVMCKTSffwN3bDi2fKApump": 1782611120.533992}