{"7G54j83Dz6Bi5LvaFqkrAXdZbpmG4b8vqfhem2E5pump": 1782358227.389787, "6ZDiSZ8DkRM5Grhbm8tbJ6x52DdeQtK8gRRJQsfSpump": 1782364521.8273368}