{"95bAE5K5SeqpQ4veagLGRi5qfK83rtCeK9SxjBvNpump": 1783432249.3861115, "ALidLUeSeFfc36381PZAXfAcbbAy3LyfczcPVRpkmyrk": 1783433123.0804703, "Cwty9S8KTpnvUU9Z5pkLjamNqjUiYe3RbUHFfpWwpump": 1783434652.1957884, "8B3UJbbPWfg2DLF7iWzm9WnXH9y5jhYUUoZaLhqvpump": 1783435846.4282994, "5bZEJTjh7gy16P4jUVkD1ALPdvVNMUG73VW4AyLHpump": 1783436724.1740274, "2vvw3cSwibzGD6SgW9QzRaBdmjkYrvs218DUy6VWpump": 1783443652.7284997}