{"AApJw9BntbC1RCdANkXHwmRpGxZLzDY1p81hcxkYpump": 1784212253.427647, "Egz4fxsA4RzjguJ1CngZwZodeuzsjtYurVVXyncfpump": 1784215230.6089492, "C6ydncQpon9eA1yUd96LJsNvQez1GFkGBqmAg9UpwXUf": 1784217235.6995747, "2XmV6Jk6ATzKCnVB15cnPHCCF9o4Kn4PXvVFk6Rppump": 1784222123.6383145}