{"3xFT4J96VzGiJfETTTsAuTKbnQJQZvLESes4TTGspump": 1783622440.7270527, "7Y86HGokuVVTHnCqwdcNJBhayVaQFUdrY4j7RuDXpump": 1783624524.6802826, "76djbEspuQ75GnySUZXae93xpi4x3rrE31ALdC6Lpump": 1783632042.697152, "EUFdqYcKPrNrraJuKjHGtAahxmG9Y5NM8voqSbp1pump": 1783632922.1132054, "ExiWoW5YLy2uGzdWzkXdcvt3RgEFacYCJfrVt4f3pump": 1783635644.870697}