{"5LgLezmiPBKLU3Smt5yHQKbaEzuTxd7D6NPbUf7pump": 1784531420.3240926, "93xZ2fc3348eVbVUkMpHXdiqcVa1PLEAt4Xuyfmkpump": 1784532319.6272972, "93tRm6L1bNr15FTjnYUazRh4J3Ths2bL84myCBNtpump": 1784533819.8632765, "CTnk6JMXN5i2EArPBubNfL76xrZXfSdmq8WXCyccpump": 1784539220.4286056, "97AT7VzHTUYmGgYsKDx76fzNgibCy5keRoftBosKpump": 1784541916.5949976, "FHWaa7ydZccqyBsuWtRXu4KhapD7i23DJr5H1Aqspump": 1784545229.2685866}