{"BoVntqoikh3HMDmHBeh9v1n1f2Eswoj9qEa5EHBdpump": 1782174320.5717442, "3wc945PgYzJfnJWsukptxiL3JsCur6n5sQ172u34pump": 1782175820.419259, "6XLV5xsr5qw4YJaHuwACSkPh986Ekys6gRjQ3WStpump": 1782177995.7341588, "9Cbtgagf54RDogVeTf2t5hY3CSxXaHsQByg3ZU46pump": 1782180922.5014646}