{"DoPQgS1Q7kTMRSLpneF4r8Fs9TbPmL9kP8u4Zfttpump": 1783714521.365904, "A1Vt3Tq7fkLq4FF5qCjuAyir8Mo92Vu2A4DbNWsgpump": 1783720850.8450248, "ASTRAyet6YguMVPJ9WkfHkz9t7gNzpRiiB9fAANJu9vz": 1783721718.795736, "3grmULXrnQyN2A5LFStKFeSQsWvZjzNDsDVVLknFpump": 1783726516.0013978, "DDnp2jWESk8GwSsjJ1mKQ8PivjYTfSqYLxNwoRGtpump": 1783728918.2050588}