{"DKfepNXFzvJhPyusxnAakRjk6AQazegW89HW83gZpump": 1783833642.1124327, "4o9ZV5oqicYesQ7hsCfLDtCTENMS7HGJwKPMn7D3pump": 1783847117.3525167}