{"RRWCLy2ddJzSC7B5wfBEAvEDRtpt8DphkZGYnKJpump": 1783166443.5225935, "4EKJBc4WdeCViLRCfRx5ieFHfPFuBYhV49527GUBpump": 1783170318.5292432, "9vciqoMDquKyjEEtLkenQ4TxSjDEUNxcQdjhHXNHpump": 1783171380.0965214, "FvPVU7LckoszuUrPM55qXj7nQHyY172mV2iNrJMUpump": 1783174236.273814, "4KD16rvaWiAu7F56wUbcTNL17cxD2yKRb9dPzMpQpump": 1783176037.2312114, "6gDvhVP7N4hMByFKhc2DBXMAExSk9ENBMwUijYyDpump": 1783177247.1927724, "97ifNtzSb5GhTHDpL3DgN3mppbENkLzpdMsefs2Jeww7": 1783177519.5873868}