{"C3e9G7Wag3M3HBdMM7in6gpycSj1YmQq5F8wCFPVpump": 1781949020.0615053, "GNBWSg4YgA91iTcZZtxrrPkyvY25nuUwGD9rphC1pump": 1781950522.0701358, "2L5aojM2AHs35aFMATM8Ju2DcNhC76aPWRV125cepump": 1781951117.0901315, "GcaAmjhhVWKv4UrLaZp3GdKGkkpoeiCi4LNJzFwepump": 1781957423.9232497, "7QuYbCwnKmyS9x67ezYfrpo5rQzQ98sSBTN68ZYNpump": 1781963122.8492117}