{"xJcByDkCETpZFarYVbZ7pGc8fxqESd9LBjVbaYepump": 1782288028.6304274, "9wcMGj2PsfJZb566p8LcN2FWCa7zdDWbqUfd2jB8pump": 1782295517.9850626, "AWHGsFDDocNDzAFdzjRGdiMduwkNsnyKKsuu4cwhpump": 1782299117.3689358, "21Xp1ukfzY6dWFYFRJmp59iCgKDJ61CHMJ8dmG9npump": 1782302120.2826126}