{"2jh4gtRWDrnXPxu9tP3DoR3vVyWSVbTncCBNLGespump": 1784013321.2014303, "CWaTh9UMcF194orWQ3eR6eb1NmEJTu3jWzT9vYdnpump": 1784014519.9783022, "5L93JFh5xcof5rbrkrQrsj9L9TWS3faJWmzNXvaGpump": 1784016321.9591708, "4R8MXfLtRcDUh9EZwzD1ciwiMrpdDabUYdnPf5V7pump": 1784019048.2868257, "4oPXZnLGPbcM2oDAJ95yBzXf98sZuoPBQvb6foBSpump": 1784020520.2145777, "AM8rELe9JLW44vyBxdNLFo5NpPZjhqbV1QhfqYAcpump": 1784021122.006304, "FRbT3zVScVDmXEWokGuhzT7DhMXzhgNFbXVqHTVZpump": 1784022044.110369, "4SLVH8rturi925CyqaRTJUajPBix7JNJaGL5EGoZpump": 1784027447.067086}