{"U9VckoryDRNnbQdr1DSYGT1zaftPFJmyVAjgnf5pump": 1782315620.5620365, "2wJDh4inELt63WJMQraAZJMrt2g7AwUyxXAVVbLdpump": 1782318023.04949, "1ymFV58KwSk7mp2tnvcccVrVTXmk8Fo1EymfLXUpump": 1782323421.114115, "pump4U4TNeSg9CmhLVofqE7L3KdUfW9xLdro78h4Jrf": 1782325523.7272553, "6GcbGGX5m4mc9TnwaLrSdCwLnYmaqcKeWKatvZqHpump": 1782325830.054074, "H6R1ki8iVYTLsgDjewXBzmXNCQLs7npsuZqiLsPrpump": 1782327319.8907678, "pumprnMSmFfFVZ7aHWGhEwjJsRNTETdUqZfytszVU2J": 1782328183.287336}