{"HtLJZPKoMFcP8BrYkqFAjWZfgeLkb4sM5U1zJHmopump": 1781853324.3465483, "Hepc74vYP9HUBJ25yFJe63XEMxx9TpWAzChzxUe4pump": 1781855421.02221, "EmfAFkiXqHqN6j1yGkxShnMLaHLpm7kFdzZzhbtupump": 1781856028.6346548, "4UUbr6JC5ysZnR45tyc6GAm7WNdGSNbphNwGrqvvpump": 1781858118.41858, "F5x2MoFMKF1NNyXznnFfxm7647SW3w2gp8yFB3AVpump": 1781864121.62471}