{"DsuA7GrgSDtGXRDXKQGRtcMXx3Xs7NWcJAk5j17Apump": 1784821221.7826521, "FE5HFEFHsKes7C1nJDjoquKCAKy38U4TeRJAANvEpump": 1784823624.475374, "4moo1vE7oReTVzhMwx7awW2Ue8vSZncKpvCS1PV6pump": 1784824821.9345117, "6T3JLxXTT9hhFGQxbXDp4jK7n4iyhBjj43P2rrfNpump": 1784825396.9935718, "6ND8GsVrzdKGPm1Z1ETn5MfGCZxQtnqWFbQXKXESpump": 1784829919.5643842, "5pVQnFwVxrpS81bXCPxFfh1LHHbv3AcymbpazZnhpump": 1784832019.2944005, "6NvK4f38eYoCau3WSBFVATQzggLxyoqkxEu8drzEpump": 1784834422.3657975}