{"DhEr1gA5CWhUoC71g2pW62Ksf7VzdqMvcPArrhs8pump": 1782422126.4461043, "FtQGJg99VAffniDWjfNm2DMSazCpvr73Ks3nE49Xpump": 1782423026.0603673, "7U74V3oJy4U2V2YmwJEQ1UcoZ5woTXGBvpKKXE4jpump": 1782424514.623907, "D7yxpaFWi4cxHEtXv6kNNJPX1dXJgrMadQrNEzhSpump": 1782428719.223545, "2wGX6NEfUhUGkAeVL59RVeTXrfBbWg3GiJrPBUCfpump": 1782436220.7499852}