{"8dzc5ZtAwUGD4HQFycaEtRfCeTrjYnKAXN2nhSA3pump": 1782130823.5750792, "6raznvsRtEJWJvpi5dPco7uM6JYRvrxnpxKQmBcngFo": 1782135032.7482705, "DwUCge9HSuwJVWQvC7GdrTkBcaC85oP9sEEUPysUbonk": 1782138063.0930007}