{"EANgpJL8bELNv9TYymb5tGUXY6JHfn2ynxGGX1mnpump": 1782985834.2351959, "oeoBnptsthvwccmapRVuVVHVimE5H36NGmoby5Epump": 1782989719.6017241, "6ADsrds3rrCogMbVWCQVT45wp5fRjnfiFyCPzaMbpump": 1782993033.4082184}