{"yMJPZbnhoHib3ib8n8PfiVcp9yauk1vnaGKLx7epump": 1781728237.0833917, "8ZkRj5aHf7aPF8xyRjzXYvv7pvRM4uLsbXX8J3Hdpump": 1781730034.4802158, "AvxFBjWydMYWD7C8pHzSkGxNYAFWr7aNBbAKm84bpump": 1781733924.4809618, "7u1KL6tSGHCmvjq1Cgo4XUnHhEnUPPVRXUd4b2p9pump": 1781733924.4809675, "AhVk15JiZtUuWEsGpSBhm2nyPWuNjn3o6NtqVDqsBAGS": 1781741721.393556}