{"EXXZDh1CzomtLwixWvZ947frkwyMGDygw3CWkeRTpump": 1781847622.538382, "HtLJZPKoMFcP8BrYkqFAjWZfgeLkb4sM5U1zJHmopump": 1781853324.3465483, "Hepc74vYP9HUBJ25yFJe63XEMxx9TpWAzChzxUe4pump": 1781855421.02221, "EmfAFkiXqHqN6j1yGkxShnMLaHLpm7kFdzZzhbtupump": 1781856028.6346548}