{"5cCNK6jCNAd7LAWqTkyFacpUTqnjpLDH4oz5onTcpump": 1783945849.8169954, "9TH4WrNrmcE4UVfRuyY4ntN7n7eXHBshss9Wm5Cepump": 1783947046.8078053}