{"99N2CRU7FinMQxFeD7hBTNqCBY9tginwofXJ49Z2pump": 1783407317.0382729, "8J27Jc1iHL2vhCKNb8PqRD27Zfsb2Jd3fawT4UcDpump": 1783407917.1342168, "CfgZAWvQ3UeHXbtbKswwFUVVFxBvUSB2R5JuVTKxpump": 1783410319.8856063, "F7NmdG9JAhEjzdxkm47a4P928BtvUWd7sefaNmvQpump": 1783418719.6951778, "3fc6tLVPx6kABcgbn44P3LAmXFzyx9fyckiJQfoQpump": 1783419045.460343, "saTZ9ADxuPYGxCgJMqnRsanza3nT3GnkpKENicKpump": 1783420247.2235456}