{"7dCekbBTNx6owtiqWGkn8Rtx2ZFp1JtZKWxGM3xMpump": 1784795425.0722904, "ANxm3MJbiXef3bKmqitXpYJP1UutXcTaepJND3acpump": 1784798420.185982, "FfsprXbeugomuDsmXqMgDXpDKPA6SLif8tKPf4q2pump": 1784798720.8773324, "qnPzgfxz41em1i8jK2g8pgs1ejuntoSxLf1mDUgpump": 1784802317.088056, "AYSvSX8U6gYhLmCs7z8cVztPM3xRp1kMN7q9dcbb8kUq": 1784806820.237769, "5zqH3gpxnH5S7z5ox7GV8hgne9UoP48sGEagaVTDpump": 1784807719.1199818}