{"4gRYGyDP9Jkdt2bi9LN8ZKwwd22UfPYAA8bRA3Zppump": 1784468546.2224078, "Dx2MJutrQwVxJ3PsdiXBzJdVkvVrPYCVc39MbJQUpump": 1784469318.428562, "AV9if3eY6XCSqbG5PwPemweHMXm1o95tcfV9asULpump": 1784471717.676693, "EfY6QUqEvHcYs9sRpZphF56qSwotsJjMMA58iNB5pump": 1784472023.1510658, "3896JtCMnJp8UREX13EGXH82mEzrUnt8ZKNLThYRpump": 1784476218.417805, "CKv8UuRDpEYou2QQvwQ2ivVK8yA9wxoM5wYnYpbGpump": 1784480117.4111419}