{"JePccRh1LVMYLYWydti7asjZrLmsYgKLdxJ2BqVpump": 1782281725.3988643, "AwRzXsRbGjkW7GQ2zpYC3V2fVt7QAbtpPiCoj3Ybpump": 1782284723.2831352, "382YojVQdcb5DV1QCj1KdN4XPVZebS22XAfDr1EMpump": 1782285022.1915748, "Bg2q2QGCJLQNbyavVHgLYETzJBwGTEMMGexsToNbpump": 1782285022.1915812, "xJcByDkCETpZFarYVbZ7pGc8fxqESd9LBjVbaYepump": 1782288028.6304274, "9wcMGj2PsfJZb566p8LcN2FWCa7zdDWbqUfd2jB8pump": 1782295517.9850626}