{"FGeHJHsJvwNPcmPL1Si6vcU7C9TyAQMfXRUozW2Nr4Zw": 1784339118.275727, "12kNKGQDKZgx38FUvGA49eVhs1zCbUShWaz825cXpump": 1784341520.9460492, "A5RNutLXS17ECqhtWjgCThbgRvhMrQo9Aoiq5EVQpump": 1784345422.7936566}