{"AYSvSX8U6gYhLmCs7z8cVztPM3xRp1kMN7q9dcbb8kUq": 1784806820.237769, "5zqH3gpxnH5S7z5ox7GV8hgne9UoP48sGEagaVTDpump": 1784807719.1199818, "5JMjJ1LXaPfpMJxn45bMNDmGVdwMwSZRJchRQNyBpump": 1784808029.0589254, "F5d1jdoNK161F5b38h9foUD8mAHS8tXMHjYrDYw8pump": 1784813717.5714738, "yTGCBqAoSpJxLfUqxmahjdr6ibk7Lu424o7nvXG4mZo": 1784814325.5592394, "EX15x3F5WWwjAtyM6ftDJBY9RDZTe8rQxouoLbWRrekt": 1784818520.542101}