{"FghHacaCotX6EmLbJRf2C99WjWdZAsVuAz6M67f6pump": 1784748317.25608, "2V11cBstJRqY3KmpbEvusbYs6PbpfvdS8q2KuSiJpump": 1784751923.8769507, "CAqfq9VneEGmNrUXxu9ofyFfAyGppjrXpKqg7fnssarB": 1784753117.5909338, "55TLkaCjVD3if5pnMdcUN3cvUh2CaSYnXSqEinqgpump": 1784759126.2915142}