{"BgXWGTzPoKewxnBsYDjMazVqffDgANwfz6KSqDeupump": 1782413124.2800715, "8VnzzLkGMXYRwvDCz2HHEbfvmNFgaiCcsxA5jmTApump": 1782417022.6553, "GpH21JLJw4i7Ty2wJH2RtfjzDixynMiyoLs5wK4Xpump": 1782419719.2894392, "DhEr1gA5CWhUoC71g2pW62Ksf7VzdqMvcPArrhs8pump": 1782422126.4461043, "FtQGJg99VAffniDWjfNm2DMSazCpvr73Ks3nE49Xpump": 1782423026.0603673, "7U74V3oJy4U2V2YmwJEQ1UcoZ5woTXGBvpKKXE4jpump": 1782424514.623907}