{"ERNxcKwUyvhNrMs5xxVTyhd1yzg2CTft4X95ZRb3pump": 1781881825.173914, "GTmVdzJ8wLmq8Fw9Mo9rtccKQExnjMxnyxgJTDZDpump": 1781882721.924308, "8oGoTGPstdxKqe7EHUsboWbz4rbkaPG4FFX38CKbpump": 1781888429.3233058, "TzyyGEL7R5r2QrUzx8txqyWscvhnKKNqffYoYjNpump": 1781892921.473832, "32sVv8B8TXtjquXbMoN2M9AawVkrbathGFqGxC5mpump": 1781894419.6474962, "BmNASdTTgXc1AhvMqFiPBKp3kwrPeHchn7LbbWeSpump": 1781895625.6230597, "9G4Z9wkL851RZfMFHQETQ6v5GSNqkUTXC5oBtUXcXw1W": 1781895625.6230652, "5GF4wYym8VztQ4GHXnMu5YK9zerqLqgWWWvR8NZLpump": 1781896223.7889805}