{"BY4DrkyPb6NXasv268gRX81KMxpnkdsAPnzLgXXMpump": 1782254118.7152336, "DXTx11pPfG6igpuGZQjbU8t91bSPm93bbijmiBZupump": 1782263422.855676}