{"EDNvjVDjKVfRsqxf3C8nN2sunxctfoboE2S8aUHGpump": 1784373318.5754814, "C916Q1f9yP3UDswk73tpokA1ts5r88DVQ8RKb2jhpump": 1784375953.7811308, "81RGmig32prYbxf96YnhrhRpm9G1YP1igfxttjzUpump": 1784379917.8940263, "AA3v9TutAPj1ZQ9XLioYUsUwcb2zdLbTNX8CCTeqpump": 1784381423.5679588, "H23di4NXN6j2pwLwbYjtag1Q3v7ANyXR72kzfWYKpump": 1784383519.7995932, "8CXQ9D7X3rQAWYHRWcWQjiSwauo8myTTcuvds97ypump": 1784385622.6023607}