{"Gs7kpzn5JZo3SSZ2o3f7E6vuKmFNF6qbSLXyjo7PSWyP": 1783863922.9831522, "CZ7GbjpzeboQforS83xBk7ih9uwSspAb5THSfn1opump": 1783870515.8233218, "3XRE6BDc8rD9GPC7f8x6Cis5N7yDbh3mWyaqceCnpump": 1783871719.4722574, "5VMbcRosto1RT6GZHRucUZEM26XEoTYcmoSbNhq3pump": 1783874116.162651, "ywTphoB8HuoTsJ2borfkN2p33yqNdtkofAWiJmTpump": 1783875048.1656802, "9XDXsg3QQCGrwjjN4uJb9amCwE93bb3Ngx5xQwP7pump": 1783877448.3429658}