{"HnkB6cP2fEZE6KwdHwLEdEEDT8J5kUGPL1wFRqd4pump": 1783592455.8922133, "3ymMYoKuQj5JYESZs5Gp5rXScm1C3GarfzGZ22KHpump": 1783595159.503344, "9X7RJ4QSLCSAGhecjFRJaEUebVHQo2kb5CZzWABFpump": 1783595723.698173, "G2L8j6Vr2xziHCh9dhhV9J72SMpirtNYZXGV1s68pump": 1783604444.767648, "CKZvbmu5bi29jnWMoLgN5TuHokjFsNksHLCyqJLLpump": 1783606520.286894}