{"6GMpet2BjRvcYvMvrfH1No3JP11bFJ77KR3727xepump": 1783991441.6150815, "FN7GB2Mf4pw1uH3ZLYKTP87DPEB1YGDY5U5gnQA9pump": 1783997447.617404, "CLrsRz21tZtHe7hkt34d8zC9t6gwLziw9SdMM6o1pump": 1783999852.2594545, "JrjYudUbQAkTT3TQybFJpNXDqKdxn8Gic3De1v8pump": 1784001920.3133323, "GJNNtfkn54BJ7mUn6r6N7CrTyfg81aMG1T7KsFW5pump": 1784001920.3133397}