{"6BCxUXKUoD2jUK8BSFCQP8B4kfM3Vo6m8VpQFoz6pump": 1784572820.082527, "HTnd1QWNn8JDZJdEK3Kx7b52GocwuZfx32s94h7Kpump": 1784574919.060199, "6d182kcKKrG9nAchcjvN2FQeGSG5nnTyQWVqE48jpump": 1784574919.060207, "GAgqP2a7Fy359pqbxzafJixorUToRSVzPbBpGrtspump": 1784576422.0794706, "34BTWsb3eHmNpXSnKhn3RuA3TugV5DL6kateQL3Fpump": 1784583236.354975, "35oyexXQXm8ispRAPL2NnWSS1D1245BeLG5JVsgMpump": 1784586318.3142502}