{"AbxukWv3fsSiiujfVuHi7gkvB8fcpupbkbm2YEBQpump": 1783219237.7377222, "9bBmpjcQNZQRgWr3MWiuxXP2iq1gcBo9AhrxEbEYpump": 1783220444.1423097, "D2U7kxzAwdqv64YT3hQxebjNsJ264oeYwP9meRESpump": 1783221330.1247077, "7vLT9GmU7iH4JT2NBDRTejm1StqZocfSDqCzfMvzpump": 1783224042.6955895, "4yzx2ZzdoawEUrP25pXcNZi8AN98m2yEbPaba8tnpump": 1783224919.9232728, "9MhUEWd2oFXyw911ZM94DDpNxwtkANrVHFwSerdQpump": 1783231246.235478, "CGT5pGSnokiTU7CLsfFCnAbvgGMxtZGvQVnrLRKbpump": 1783231839.324789}