{"JrjYudUbQAkTT3TQybFJpNXDqKdxn8Gic3De1v8pump": 1784001920.3133323, "GJNNtfkn54BJ7mUn6r6N7CrTyfg81aMG1T7KsFW5pump": 1784001920.3133397, "7V6Sk63y8Rr1MvcN5mYNp61wgFhy4EeQg5gUASk9pump": 1784003716.454681, "F4GpAFr6vrxU3Y887F3XWkXRgybCVjZNk63m72f6pump": 1784007316.6401737, "iru6kpmqRhSCqbzRNzCAap334py2BCSMXx1QD9Zpump": 1784009455.2849188, "5XWFwHNTAd5sHFX559r6s7xgSFMATr75A2WKLa47pump": 1784011245.8483365, "4CXB7fET9wYsRRhxBYPFjNDA3jijBHVoL7EizanYpump": 1784012117.0130312, "2jh4gtRWDrnXPxu9tP3DoR3vVyWSVbTncCBNLGespump": 1784013321.2014303, "CWaTh9UMcF194orWQ3eR6eb1NmEJTu3jWzT9vYdnpump": 1784014519.9783022}