{"EBvU4uCzrGthkbMG5XK6rnmwyBbTKdEPrxDUZTYcpump": 1784242833.696527, "GTJpiZaCqapCcu5shdZq8D71dQJcyXad8BZadXeTpump": 1784243118.3578212, "CnXZEuUU2jBshGuY6xxWASgX84QPhFuFS8yYWPgSpump": 1784245521.7050133, "BBSEsu4v5wR9h2HsnxPbVJuCKsRe2Cx77c598dKbpump": 1784246437.6148002, "FpZj2FWJy3wJHH9VJwU7MqpgvK7qLBke1GjxnrVSpump": 1784248232.243546, "A2hqkCfQPgtCJUUpyugeUatXGCgSsKJBdGdWiqPipump": 1784253633.268662, "AWJkSP77HTYnWyWiBfRoK5nurwP4ApVw1YeEugmepump": 1784255123.298165, "2SPQDWYw34FxvfpuA522g46ozZhwpbto5nyGU4u5pump": 1784256917.7118387}