{"6ADsrds3rrCogMbVWCQVT45wp5fRjnfiFyCPzaMbpump": 1782993033.4082184, "9FDKXxsZUESDY4B7GYzpkf1zffPCW6ExrrDEYBbdpump": 1782993919.8531575, "FSdeHKckvpLCA2DarXkBHSyXj8GZ8TegB7f1wsXSpump": 1782997242.8224242, "4MrsXQzaosYNyFd4wKDvgnC5xRtRqgXRrijFTGj9pump": 1782997518.0170135, "Egmh8vWLRrZE5AByuD43KYQjKWkcC4W68bz6jisApump": 1783005322.145754, "933Nd7DunmgNdfiHDhxR3K6LpFTsweup6EstQpUJpump": 1783005322.1457622}