{"4LjLUvg56sBrzstX6Cw9YYr3k31PdZGQg5u2mCM4pump": 1784142050.6542659, "x8NtU6nnYDn1BwMDGg2oFdBuYBevhJ32kqM97FSpump": 1784149521.6843097, "GqQc4tjs6RkZt1EdsehKLZvNDTpZc9n3UHGxnbfNpump": 1784152242.3782878}