{"C6uZCKJCAipkbrwQgVtuZWyDzZSNC7CVbQiY3dWxpump": 1783090846.1803575, "BBhHEEs8bCPchS8S8EX744ExVrMD9xjGy8CXepctpump": 1783092319.8739488, "FdVWwqNvQgaL8Y6mYju6j1E3Mx6HUBEX2Z3g2UgRyde2": 1783095321.760443, "6nNcRsCL5QM9eia2TgBZg7YE2xTsAYBAuSNFCvUHn4Cr": 1783099236.2887106, "27ysM9G4zmptSu3fC95AdR8EiSKXvCqGKXM3nX7Npump": 1783101916.9546857}