{"GQEEL98udpaC4QRnCVqdRPgUgSVjXpN4KaHCXjQMpump": 1781711266.8620808, "7Ka86KfuM9nfm9YVjB2845rBu7tYvXPcRhhzPLDpump": 1781721629.054995, "GYLwtKNmTKSChXCK8C5u1SJev32mN6u7nTTVnHh5pump": 1781723129.0684006}