{"DrPfiBKsHjxCK1Un8SQxf65V7v5vXTcuodrjg98Zpump": 1783687847.4741838, "JyJWcxa8xPwgKZFT13mPyDymLrjXhxkQTTyTJC3pump": 1783690516.8156476, "HcFUgXHEJWjZfDFvyFXDfVRkq5VTzJCfXNpJtcQ3pump": 1783692642.10862}