{"66pQgfLHEfbHSBgYSZSrKEdJHHaGiYbgCtNbz48Apump": 1782271823.4373636, "8JdjmcF8JQLPpbaiiyS6xhd5fYT2GLeNygTq8Twppump": 1782273318.7524428, "GSHASZ3G1CPmLYHCRMQfR5Tjuwz5JkDTQZqAMdFtpump": 1782277231.426673, "JePccRh1LVMYLYWydti7asjZrLmsYgKLdxJ2BqVpump": 1782281725.3988643, "AwRzXsRbGjkW7GQ2zpYC3V2fVt7QAbtpPiCoj3Ybpump": 1782284723.2831352}