{"HnkB6cP2fEZE6KwdHwLEdEEDT8J5kUGPL1wFRqd4pump": 1783592455.8922133, "3ud5S2LUcsCKVWsTouKZDxJRYnNcsrDptC6DRB7Vpump": 1783579522.476735, "HHmh4bSYBXsPQiSQ6mdRqWLvSowPY5s4rNCaL8mspump": 1783581643.8399932, "31mMFCFe3V5tx319s5kNfnPrYCzc8SuxPofGcyfepump": 1783583121.5544946}