{"EeMkj81KCkdxuLbDj91bkVUts5Ln7hY8hWN6DJiZpump": 1783308043.1785054, "6baGyq4HLbUn93MQUGFqBktpXP8BRjpoxSsAap4ppump": 1783313718.4481637, "4eKYoR1hBHnRaYyg2d57H36uUatRNyZr1NRP9ScNpump": 1783316440.2964473, "5vE1yh9QGEgNhMGABZhQU93CXYaKzSEKr95AgU8Dpump": 1783316719.0589423, "7JUXLxAzVRgFoWHJV8MUVjcxEaK5d25XLdA9mfc5pump": 1783321519.7198155}