{"HJ1Ry6iJyAqN7jozMTErJHuNA66kpkDkowi7fhCRpump": 1784109918.418632, "ZBJN7EdRky5PhQATAjhazeR9v3jHne7a4g8ksyc5Fx4": 1784115317.550713, "Z365KEtG6bLcs58K4DTcpcpTGNdn4N6QkxxadGnpump": 1784115919.2899854, "HobjYQ4d44GSdKC19JS4CzY87PqJdXY1hvzGz9thpump": 1784120119.0496407}