{"FN7GB2Mf4pw1uH3ZLYKTP87DPEB1YGDY5U5gnQA9pump": 1783997447.617404, "CLrsRz21tZtHe7hkt34d8zC9t6gwLziw9SdMM6o1pump": 1783999852.2594545, "JrjYudUbQAkTT3TQybFJpNXDqKdxn8Gic3De1v8pump": 1784001920.3133323, "GJNNtfkn54BJ7mUn6r6N7CrTyfg81aMG1T7KsFW5pump": 1784001920.3133397, "7V6Sk63y8Rr1MvcN5mYNp61wgFhy4EeQg5gUASk9pump": 1784003716.454681, "F4GpAFr6vrxU3Y887F3XWkXRgybCVjZNk63m72f6pump": 1784007316.6401737, "iru6kpmqRhSCqbzRNzCAap334py2BCSMXx1QD9Zpump": 1784009455.2849188}