{"qnPzgfxz41em1i8jK2g8pgs1ejuntoSxLf1mDUgpump": 1784802317.088056, "AYSvSX8U6gYhLmCs7z8cVztPM3xRp1kMN7q9dcbb8kUq": 1784806820.237769, "5zqH3gpxnH5S7z5ox7GV8hgne9UoP48sGEagaVTDpump": 1784807719.1199818, "5JMjJ1LXaPfpMJxn45bMNDmGVdwMwSZRJchRQNyBpump": 1784808029.0589254, "F5d1jdoNK161F5b38h9foUD8mAHS8tXMHjYrDYw8pump": 1784813717.5714738}