{"KLqsazUTwRWECwqJzjMh7ZSYD8rG4voNsESPJCupump": 1784240717.8768215, "EBvU4uCzrGthkbMG5XK6rnmwyBbTKdEPrxDUZTYcpump": 1784242833.696527, "GTJpiZaCqapCcu5shdZq8D71dQJcyXad8BZadXeTpump": 1784243118.3578212, "CnXZEuUU2jBshGuY6xxWASgX84QPhFuFS8yYWPgSpump": 1784245521.7050133, "BBSEsu4v5wR9h2HsnxPbVJuCKsRe2Cx77c598dKbpump": 1784246437.6148002, "FpZj2FWJy3wJHH9VJwU7MqpgvK7qLBke1GjxnrVSpump": 1784248232.243546}