{"AqnguHZGd84foavArWPuUy3y4SFmBLS5McaMDS14pump": 1781324117.9424179, "tb4yD6JAr2yMsAQetLf8nYoAHCKfDC68h7mRnxApump": 1781325326.8286376, "rrRmKgaGpXAac1gM5uzPzwo2ASbzmNimcPWVz2Spump": 1781327423.545833, "J6t49YdUE1T6QE7yRpqK1WxRzKd3LJyJyuqTr9Jbpump": 1781335520.3845623}