{"FpCGjj5k3amDWRCegpxGrhm5FThtj6ypiSJLRdcppump": 1783062632.611488, "F6irzkr8Pe7CkvbMx7xQcya2sqe8fhWu4dCXfAW9pump": 1783067118.1545339, "FjftyRZUBzap71apK839rZsFpQGjgpvBC1ng1om9pump": 1783070431.7717116, "AfJndZ6hdijFEuqNnZ2YvXQupkEoGY5RbK3Dxd5Ppump": 1783072238.31723}