{"7xZNcKyyv67r7HXoaguFjL79r6xmxgHxthukkdy7pump": 1784355917.723656, "3wwU3njdLCT3ebRUrTFeHwKG6zamiiCKwmpShSK2pump": 1784356224.450951, "CKkuaqSiezUfHesGPTgiAdSGtYuxcEEjBxbCmiNgpump": 1784357717.1494443, "WxN2LrhDyrGE9GqBuaLMbHMQdYwPm9p8LrDXzSBpump": 1784360422.4598, "9vFdWXxKvjVuUR93DF1cdVE759StTrptfqKFcd2tpgXS": 1784363117.0918932, "61wUXEAKGURDUCaZ1HWUjGZBeRoRBHrafCbUUyqgpump": 1784370021.084862}