{"EDwN8HUtDc4LR8Db6w8kk8b4Ne9W7dwoY3SAKGfppump": 1782784833.0539687, "84eYhZRCr8ZWaocYvCw7NUsPh8f4VeYEohfozeFwpump": 1782785122.9020257, "BUdoHvo2nzS8NF4v4g44t5s6P2RM1Uhkg3LmjLjSpump": 1782787226.5633254, "5qn16SqEcpDTs3ZusxYsM8whiF8pN9iQrUgEEVH2pump": 1782788717.4788373, "2b27LMa8FbkWbHt8C5JzHciFyeKejFkCRyZ434Axpump": 1782791118.1609812, "8xPw94s4EXxmhUd6t8ddJ45a23f3f596Y9tbVe9zpump": 1782792921.4808967, "8Z4rqBHWdoJySdfQkhhmmabY2EAVkKwkVXXnhMdqpump": 1782794117.9631033, "83Z2tZyjgLrC2pFXKUiaxkzCTiWi68KkK6FEwNLKpump": 1782794428.512952}