{"2Q6CRZ4D5xoWDTc28aQV3dyJb9QiTWvX6aWUS2qYpump": 1783292116.4632604, "BRqmaGWbok3FrbqN9ZiEAsYZCpAzBX4WH8wvi7zDpump": 1783293048.7403047, "EYn6tC4LAoshxvFeQmWU5g8hdNeqdssSGdN5vZCWpump": 1783294246.5645795, "FsBsv7svcEwMkioVck7cno14YPmiwnXuR3J91UJ5pump": 1783294246.5645874, "AjvAcdGiLgzBKJXjf7mH5d7ttPmZaG8QmHt7BrFppump": 1783296933.7706034, "B1bNphYd11rfFmbBxHLJDFhZ3zWqwHJ275PxpbeSpump": 1783296933.7706115, "B6MtubZSVPqekiNBmPjFPWRnP1ee4BwCHkmWbsMRpump": 1783297516.4568534, "FVCS67YAujjA9U71Z5bKFTNpSzeVh9p2d9KoMapzpump": 1783297845.354698, "617BQ86GAUdAmGreHaER8Dab3nwzBd1qCGK9M4Lbpump": 1783302639.5162094, "3oJCaaCtL7qUh27jTPqGbvmczV3kiizcvMVsCVG1pump": 1783305045.5566204}