{"CaPK69pveS9nqmX38R9vwiKmoLZRwAnWrDhMYzjHpump": 1784096720.5669088, "H2awHSNghi5pTZNYzE3GdwScS5eTQFFP2ji9FyjDpump": 1784097316.6452498, "H1y1fD9xGPUt9mwCCQpLCMDTaKUnQVqys5SKQcCmpump": 1784102127.0723257}