{"H8TgEwPXvF7kCi7surjf5FB7ik2BDrdgYmpoztN5pump": 1784451020.988963, "2cAtqsRafKS7baN3mvJARhyZiMRdW4fZYNUUWUrCpump": 1784451316.4150753, "GxFqmcTGfrh5S78ie3enoYGh2TzrwJ2AK3Dh2QSjpump": 1784451919.5998552, "HR6paqSuqjEcG89SDDMySEGqwkRhNLSi2FsqhasMpump": 1784452902.0912802, "FKWBffKMeDPTqbg82qbyx3bn3buukH5uHGgBeYrvpump": 1784457024.0722804, "DCjuEdUAaCWD7ZNHqMNjaN2dE2EsAQtpP5Pswjappump": 1784457317.8198879, "HbGVzMdUnxQu1dYcWFQYU3LboHF32rwY9Cem1WZ6pump": 1784458519.2349336, "7ngrUqUvvnt1SpMRFo4rt7CG5CVscXb9C9ngHPr4pump": 1784459720.113682, "BJZmYWFbgNwYyxUnCd8Zio5zxSeD8R9n99nnHLtBpump": 1784460916.022606, "rG2Q4Re1fSNLbbnqN63N2whNSTJ9yQaa3zsUKg6pump": 1784465124.0583746}