{"3zwXCKCDSsTCmeP5UZKRsz7jKio7aUs8GQXYVBs8bonk": 1783189842.759892, "ASEY7D7YWXX6GDNyLYfRWQ9w9zxojCxpazy4aRfspump": 1783192835.5430272, "59wY16HvsGRHhvr8Dwfj8evjHrcDNAC7g5dHJXwopump": 1783192835.543034, "8axDfNi43n79meuEWP85iGiaA9bhCKNGj9Xctnvipump": 1783194040.549313, "4HbpEPkkMwhxqtFKeSLyyEpsCtmycdx5rMonYeKNi5ai": 1783195837.7703865, "C73LTYMGv7uKcPAmJnWnCj5H9iJmTmFxtRaGAzepump": 1783197639.0175881, "5YEQSNYNBKXbe9nkr5KpAjRKR8GByvpvjU1QnJyHpump": 1783198850.5334258, "ATYRwaWvo8oroh8qK3Uj38geSUfLcCheVMpWifMNpump": 1783200916.5179858, "4UKhvqXNsb1zfnCH4kf8VWkFCC7KBDFZwg4TyVVYpump": 1783202446.5249014, "9owj2aDun64x9jtDjm8g3DVQ7fXrowCZWr1JuJd4pump": 1783203321.180075, "FAi4gCCDWAezmzvsenghCqNaw7t3G8mTDxt7gEDTpump": 1783204239.937122}