{"Ew5Tg3z4wtD7dVVkK68L2JqVTUerQHfYSMuCYjtApump": 1783666325.5990493, "FtxMtQmupaXuMX14EA8esBp13qWF4xfgij2BG6U3pump": 1783672250.10491, "DhtMNcHag55TThCHrhXArSLyfCnXD6VreUqzrJLSpump": 1783676721.2653923}