{"FvGMxQTnr7t1KFpr7JE5WCAJcgb1onas5J3JE8fzpump": 1784880630.0229514, "4MbUUGzydudW21ZPvjuj8STMCkvMb48Vxxx1hTgXpump": 1784890226.64361, "7Cj9EczteUsSu1vgPXoLdVcxLqpCWwyYWn8kgwDwpump": 1784890831.3796275}