{"FqG8PWuoj1zeXVG1i13fZSaBhqfNTcVcRfAFvGkqpump": 1784862920.685949, "GeUtuRJFSdzceWbwC8rC6idbDRUmyxuFDBQxAxB2pump": 1784867424.01745, "5saAXYWpQvMB5MLi1xUBUTWz2DFBb65fbNJx7kEXpump": 1784871621.4824054, "GcJSeygR41p11a9phsKdkGDg6SQpLSZqZ8g1c3vnpump": 1784873116.45088, "Jv6MWBDyWfqMV5zhUkvRbzg8QFmcuCVahRcMr4Npump": 1784873552.9712307, "CVdByCD7SLsj2Kv7UAqGyNJgSVc4Nvd8qdL2U1shpump": 1784874918.614924, "5pVQnFwVxrpS81bXCPxFfh1LHHbv3AcymbpazZnhpump": 1784875824.7677612}