{"9JNXNf4ALhzgPDnZkLkqguMEuVz34HRt1oTZNefVpump": 1782556227.3179724, "8j7kvT7xLg8Ramzr3K9KngGLtTKrvgReWNDvKM7gpump": 1782562517.6627102, "5NFcUdd5BqSpAS1Us6uiMAf8LoYPEY4TWvxXUr7jpump": 1782567024.8881874, "925gDTbAGb8CSbRxMRNSQH7Z6ydpwamczF1CuBJSpump": 1782567316.6200466, "62yzpmKJB6XiVtZcQZhUkUXhqwN3UgCbffUi4JM9pump": 1782569977.8813548, "9cRCn9rGT8V2imeM2BaKs13yhMEais3ruM3rPvTGpump": 1782569977.881362}