{"1GeyzSHQBzo6K4snM9fTf6VHHDPVNbVsL2NYCEgpump": 1781547635.6326876, "DuamrFMW6RKXieEino683F7VbwXSX7e9CuhnZ3i8pump": 1781549432.2495563, "nQcXcmGN3HFMQuKszgRd4PBScC5VSS2cG16iMvypump": 1781550037.2462595, "45sFYrN4ZoquYDXeCk2TkSRvnfnfoewXkRDsWatbpump": 1781558124.70324, "2hAaUpYyNWeeNpKwh2vnppwjmj1TKqSyAXUdcW8Ppump": 1781559924.1107905, "HBf4EarsNN16wVYRRbxHz8Y8RrZfBJXmsrasaT9Tpump": 1781561422.4156184}