{"BUdoHvo2nzS8NF4v4g44t5s6P2RM1Uhkg3LmjLjSpump": 1782787226.5633254, "5qn16SqEcpDTs3ZusxYsM8whiF8pN9iQrUgEEVH2pump": 1782788717.4788373, "2b27LMa8FbkWbHt8C5JzHciFyeKejFkCRyZ434Axpump": 1782791118.1609812, "8xPw94s4EXxmhUd6t8ddJ45a23f3f596Y9tbVe9zpump": 1782792921.4808967, "8Z4rqBHWdoJySdfQkhhmmabY2EAVkKwkVXXnhMdqpump": 1782794117.9631033, "83Z2tZyjgLrC2pFXKUiaxkzCTiWi68KkK6FEwNLKpump": 1782794428.512952, "CzigqJ9h9mnfXq3G3jKBVcApKu8Kh8JtZGxarzY2pump": 1782794719.9974277, "2DjNz1CWwV4DRHCgajLK61UzNRPCfyuPjF7GmS41pump": 1782797118.95042, "DjBhmw2YjXnU5sXKNcBJbLovsiQVc6Eojuq3TNTVpump": 1782799235.6325018, "vD4gAaQdJb3T3E4233vS4ix41ppSxQa7pGbfLtJpump": 1782799235.6325104, "HFQAaXxdoNvtJ6K1KcJiiL38Y48KZjvLkJjftFHppump": 1782800427.8238053}