{"AVVLwZcNnts8JffDiEZxLNXGk9nLAzRr6hf9KDWapump": 1783369517.1166735, "soJXQjcm3gPgGXJHPsybMqLLeEBCJAS3Pi4jKHvpump": 1783372065.13605, "89ZvFeuJqPUJAfDkdANWmwinMj5UahaaWT6QgheTpump": 1783372846.000514, "sMYyVKxdk7EZbbd2bEuj1RVxohSXLXrKCf1JsfhoZWo": 1783375844.5874314, "3nuRVLGJQ8jroQG4WSpnZFMCyoR2DXzT38bMQZVDpump": 1783377047.1334887, "8jayQDfRc3GYxftBJ2VAwjqmRBdYPC9KnjY15rc9pump": 1783377475.6925328, "38ov9f633i3usgopDfDxUtTJU5VC6B7v7xncuevfpump": 1783380319.118489}