{"5jXuVv7KfWmjCf7PAB1cNXbNieP1fno6eWZDVBLppump": 1782520824.8246188, "DZTSLoJKieNPPGKgkdhaBdLjjnQBaUnb3oRPHNLfpump": 1782524116.3988247, "26Rre7jT3jUaU29s6oS6QbLSwpbV2ZSZmouZAFWApump": 1782533121.674408, "BbydPty2qDLNjoeHtWiFjBfibBvBkXK84agHuU2rpump": 1782534627.558948, "Eb2zbWj8a9oes8t4DC1kjuQEPWgjYCgjGSXqLoLpump": 1782534916.9995785}