{"DsUkV9n6n63TgeQKZbwM5rkHpupoA9ofh4VYJxpkpump": 1783422048.9225066, "J9fVUSrsGYpuyXggAFJpf8WGkVsjqjCpBzyBxh6spump": 1783426421.270266, "An7Y69yZJKwTTrdR3xJ3KMz1CHVb1ii7kHzeKLdqpump": 1783426520.936335, "E2ueKQ3EDTTmCkUA17j3KeTb2u6VT91xiyECdKRzpump": 1783426846.8975239, "EDeabSuGDZiBBg3s2ctaAMb3DzehXnbfU75kWD95pump": 1783428646.3750126, "8bLAwkQr6iKiCnD2Ldaka3seNW9RHDpi6k7Zn9bkamwp": 1783428918.1157794, "95bAE5K5SeqpQ4veagLGRi5qfK83rtCeK9SxjBvNpump": 1783432249.3861115, "ALidLUeSeFfc36381PZAXfAcbbAy3LyfczcPVRpkmyrk": 1783433123.0804703, "Cwty9S8KTpnvUU9Z5pkLjamNqjUiYe3RbUHFfpWwpump": 1783434652.1957884}