{"Z365KEtG6bLcs58K4DTcpcpTGNdn4N6QkxxadGnpump": 1784115919.2899854, "HobjYQ4d44GSdKC19JS4CzY87PqJdXY1hvzGz9thpump": 1784120119.0496407, "L8VV5THQCh7oN37TwgVRRSVqb5FuPydXS9Roy1tpump": 1784130047.959075}