{"8KeiqwrfdEuMqwL4yqZrrcbE8jaLLUuYwqDVZVzppump": 1781907919.4308226, "CKbEiYzGRxDe9Ecg1xxXhxNcAUY3BCmj2fyhA8qHpump": 1781908819.8882842, "7Hab7CRZNUepzDJwAYbVKWV6uWMDD1vFoUC4wwK6pump": 1781910322.2305703, "57t2K9HW7Bn2m4y67tGd4GFQ7Q3zpfHSWCgYXPVWpump": 1781912724.2516115, "443HdXFos5TKz3RCTXhRaBRoSFccTLmKyVMGnau1pump": 1781915122.2850468, "3ZSe1on5XfT8dACqeTBbcXhtVU858ihefcQgL3DWpump": 1781916918.0281756, "7a2qGcRdXFtrkJPAPEBh6Lak88GzG8A6tk878qVPpump": 1781919628.0326672}