{"u5FmqbZ2wZRJSxi4SNvSKkCxSjTTxTXtnzm9sWBpump": 1784774720.1215305, "38D3bkkDT942ugccsWVdZ9VFM4mKQNAdvqroFBSepump": 1784775915.2682912, "HoKD1DDKsLQr8zsB3k6LLEwj73xbTYyBkdsA562Upump": 1784777718.1272936, "GxSCeYibL7AFeDYQC1P2wR2pYFqAo7DvSR6imKqMpump": 1784778431.4779108, "GB5y5ZicKurvoTjnkfuGqK7btkvsJ7QQPMsvKkTxpump": 1784778916.70208, "Cnm8PaGvGFPT1dDqvRLYRZLwqdTN8dUTtQZT1BTKpump": 1784781027.447847, "GTP5PX2pUpwdGV17KnugQh8yQENz1FcVzrjcwvYxpump": 1784785823.6588802, "7CsFSsX19xhcGdXNMKrBbBSkLtAeXaESBeWy6t9tpump": 1784787918.49528}