{"CCcoPV8A9bKJmaRMnsUJMCtuC8GzW6T3Y9uWTysapump": 1783621238.1631925, "3xFT4J96VzGiJfETTTsAuTKbnQJQZvLESes4TTGspump": 1783622440.7270527, "7Y86HGokuVVTHnCqwdcNJBhayVaQFUdrY4j7RuDXpump": 1783624524.6802826, "76djbEspuQ75GnySUZXae93xpi4x3rrE31ALdC6Lpump": 1783632042.697152}