{"EQHgekT3TAyNqXmENfgbexxzBj6rQzXV6n5nEM89pump": 1781434829.819225, "6bB673XdJ5En1FC3EKD2Uskqy7E8ouZ8BEeBh1fupump": 1781435718.5497565, "6578GtAGJ3wmr4xVVXiYCZRswwnZmiqp3zu3iFrVpump": 1781436323.2983055, "CDESKLFFRfoAPsoFxKdHMnBdsK9a5WQ67GipNKgPpump": 1781441718.7119164, "8T7UGfH67Rn82w4nSSZtc3aB4GeNNASrZhdsUFDypump": 1781442778.5337327}