{"A5RNutLXS17ECqhtWjgCThbgRvhMrQo9Aoiq5EVQpump": 1784345422.7936566, "2q4nUEEXQQsKARjJffeF3o7GrevHq3mvWXo6g3fypump": 1784355018.2007267, "7xZNcKyyv67r7HXoaguFjL79r6xmxgHxthukkdy7pump": 1784355917.723656, "3wwU3njdLCT3ebRUrTFeHwKG6zamiiCKwmpShSK2pump": 1784356224.450951, "CKkuaqSiezUfHesGPTgiAdSGtYuxcEEjBxbCmiNgpump": 1784357717.1494443}