{"4NVtTJpDWFydrEfaYV9UFHt868XbPZ6SkG7QvYuppump": 1782247821.4301453, "BY4DrkyPb6NXasv268gRX81KMxpnkdsAPnzLgXXMpump": 1782254118.7152336}