{"4KD16rvaWiAu7F56wUbcTNL17cxD2yKRb9dPzMpQpump": 1783176037.2312114, "6gDvhVP7N4hMByFKhc2DBXMAExSk9ENBMwUijYyDpump": 1783177247.1927724, "97ifNtzSb5GhTHDpL3DgN3mppbENkLzpdMsefs2Jeww7": 1783177519.5873868, "GRnVdzDbv4hn1p4PotEPYZW5TknE9UuHPMAuiYt3pump": 1783182920.418095, "FX1pJQbSKaGFXUNgXPuwAre2iymRMtj2hDXPcULHpump": 1783185919.383132, "D6sA8hKpreRfWEqLRo2fyx5UpmcHeEmGsQ1UndLWpump": 1783186519.5073473, "3zwXCKCDSsTCmeP5UZKRsz7jKio7aUs8GQXYVBs8bonk": 1783189842.759892}