{"AkWT7AEAHdX49GMPyWj88npESkV4o4AG5Lg3NK8spump": 1782020117.0513227, "2Q4mncetHLdmPP5ZdKUnjj22WS5JddrxpMRjkMsTpump": 1782025225.986326, "EYx9KcUdCTcyMfvPiX3uTzgY4JceA942jnYPPX1Hpump": 1782028831.2457378, "8EmD2Kpxtau6kgGDoC3TGCJTUfvKx8QR32ACGpjypump": 1782031219.1816838}