{"DqJEBaa4veVartQ1XRse9B9xuX85EtLF5C1B9bCgpump": 1783276839.3708212, "NomAQD5TpLy2NSJAmNqENB3uXpUxweNmvS4NwKHpump": 1783282523.4463012, "2pJi2d2Q5sUFT6yrrZZ5WcS58bGTXtSiFkHaQXWcpump": 1783283443.771087, "9rLL2r2NZNo5ctoYsurwDo35Bx7yKgt2HTWyVowjpump": 1783283443.7710922, "H9FsHqPp876QEtS1bVobUcQoYeihrSFG4ojEBXmCpump": 1783284040.7594028, "B4hwr1FhgHwpPYX68bVYfqH9qsgqs3axzRzwdRJupump": 1783284640.9075372, "HJvNERycZQP6uL5qFEgr7AJLACtR2M38uhej6vSYpump": 1783285248.1260872}