{"81RGmig32prYbxf96YnhrhRpm9G1YP1igfxttjzUpump": 1784379917.8940263, "AA3v9TutAPj1ZQ9XLioYUsUwcb2zdLbTNX8CCTeqpump": 1784381423.5679588, "H23di4NXN6j2pwLwbYjtag1Q3v7ANyXR72kzfWYKpump": 1784383519.7995932, "8CXQ9D7X3rQAWYHRWcWQjiSwauo8myTTcuvds97ypump": 1784385622.6023607, "FUY6RbdfrDfa82y1AS5ZQRtaoSr1ZVTGD2EkN11bpump": 1784389821.0153272, "2ffFbW8e3mAW7ZigJuaahPFHSeFWjDU6dfTHQeAspump": 1784390423.6198204}