{"7QuYbCwnKmyS9x67ezYfrpo5rQzQ98sSBTN68ZYNpump": 1781963122.8492117, "HoeQcoQwBA1p2A3jd9AB62d25MUWZiydAxku4P73pump": 1781969428.3022673, "FjQJyapJSmmp9mqoYgLEoTKgAgVUaCc4XpnMb6x7pump": 1781972121.1041412, "4BsYbLWnr5pHL3w3R7Z774YPwGvgC88ZtWWk76Lypump": 1781973919.996834, "74Q9nNmZw7XuN6ooMDurzeWZhwpyQqisncYXMrfKpump": 1781974604.9686737}