{"CRtJcETFwVeh3ufQyXd42YGdwwJ1xQoJBBeTmYCrpump": 1781747122.0735767, "DkHgtvturqvvjBaBUVZdXXA1uBTMMhErcs9Urb6RhmGU": 1781761520.0083916}