{"AuLXh7qQv3UrQsRy7swVqTmPpbFf4nZL6ywfyUZ2pump": 1783713043.585192, "EPLeohiDXdCH2JmBJLgj6JTtBFvaTdDpN32P3vF7pump": 1783713043.5851994, "C9ZLUgX2QMypc1puRmFqMUmgiE2ARvRUHUaFnhUnpump": 1783713657.5706854, "7LkxLUhdFJeyCor9tEK8fKdvPgqGm4Z9mWpR45yvpump": 1783714240.6393027, "6RhD69zL61vW8cqsa1iMentAmb3bQynh9Wf5LmK5pump": 1783714240.639311, "DoPQgS1Q7kTMRSLpneF4r8Fs9TbPmL9kP8u4Zfttpump": 1783714521.365904, "A1Vt3Tq7fkLq4FF5qCjuAyir8Mo92Vu2A4DbNWsgpump": 1783720850.8450248, "ASTRAyet6YguMVPJ9WkfHkz9t7gNzpRiiB9fAANJu9vz": 1783721718.795736, "3grmULXrnQyN2A5LFStKFeSQsWvZjzNDsDVVLknFpump": 1783726516.0013978}