{"8T7UGfH67Rn82w4nSSZtc3aB4GeNNASrZhdsUFDypump": 1781442778.5337327, "842Ufbm3JM68pQtUSJLjruULRrN9WTZNuM2UNDWCbonk": 1781448022.0004058, "pnYrxqat1mz9j7qCcNmouwJ63DR5siHt4jLWHwspump": 1781448918.0229232, "7Ax7q2sL5GTd77DdYsoT3TpxCXBSv7KBRB3g56Lzpump": 1781456428.7789874}