{"BGwYnDVe18aj9cozWcKNhiTUwayELULg5rHLGPPdpump": 1782692717.837977, "CuGJf6cfDfMh4UxVgNJ5KFQ6v8Wv3qrqop6cFKsGpump": 1782693024.068104, "FsA7HoGgj5RB6ZExHXhi9dzgahr3Jo6g7TL48zCypump": 1782693024.0681102, "5pdEzWdCksmdNKRsLWnUNAF85BuC4R4TNYRwayQUpump": 1782693319.1473951, "8jJXpYgiya3UwCbA4KWLiEGawF5dZFc9PG3VyW2upump": 1782694829.6194913, "BUHbzvFAcd99LZRY6B5orhZCFZPTpHusjkKyag6Qpump": 1782697223.2367897, "penks6cQFUQtfytirZowyr6rjxoZ2mSxa5sA7Czpump": 1782698430.3509033, "ABpe1ndUSVoaTBc6kH4jnsXZGY5cMDBhy9dmsqrYpump": 1782698722.309206, "8etmy7ukfvD7Sat5tFecL9hL8vDwu9uwJNuFaUYipump": 1782702318.7678583, "8ji5K3dr2dzt4knZv5VSvCwz84aERRR32F3W6MKnpump": 1782702626.4337232, "7i5RqLX7kGcsWf7Nim5BwUQrCjdQ69xcG3pnKSW8pump": 1782704720.3881478, "CkAuhMagnem2iukGwApsfw1ypWETWDdKFD1Xrrtspump": 1782706823.9667413}