{"99RP3S1J3CrJvjLCtmwbhadDeztaVYoby6RcVsgkpump": 1784594423.7345502, "5Ch4nxMkhaYn2W41Lfr8gsBWSU7AdM8bUQcpL9UMpump": 1784595316.6657262, "5p9wWoHsUe3dA2YWWuV5LKW6gjkRk2JvSCedPXfhpump": 1784596517.985909, "FhaCSvtpcpKJbih7p8b9kkEXhagz1yDLXvBKaQJ4pump": 1784599820.137713, "BQFLyvQvrbEpMKaxnjrWg9e1dshcP5kUTBemGzFMpump": 1784601621.5134363, "5FSadVsJGbpTvdfrAVtjvxPeRsoDYCvRAe2yWWQLpump": 1784602517.1465087, "4apbk2ggCXWgQGTjhEgG6ZbUR1YniM9TSHrzmderpump": 1784602832.7578554}