{"2evSSArDSUdhsvq8HQWhGDKaHtieLoH773RH9USwpump": 1782510318.237548, "Ef5Z5TbTgLCjgLGr3HGPkE1PA5JTn5YwgTjmxUoxpump": 1782511516.504061, "EGsxZTFFm3DyP76jnEdi8jqyzt9tvTyUpuWFPguGpump": 1782513920.3350728, "AKRQPCvf4bT6GwmpSP1JFyjswB7G5GdFBofqNogzbonk": 1782516916.6409497, "5oXHjmzf785VFTPicc1tYqvyuBJUAAxmydbYMRmApump": 1782519621.2602472, "5jXuVv7KfWmjCf7PAB1cNXbNieP1fno6eWZDVBLppump": 1782520824.8246188, "DZTSLoJKieNPPGKgkdhaBdLjjnQBaUnb3oRPHNLfpump": 1782524116.3988247}