{"34BTWsb3eHmNpXSnKhn3RuA3TugV5DL6kateQL3Fpump": 1784583236.354975, "35oyexXQXm8ispRAPL2NnWSS1D1245BeLG5JVsgMpump": 1784586318.3142502, "99RP3S1J3CrJvjLCtmwbhadDeztaVYoby6RcVsgkpump": 1784594423.7345502}