{"FyAYcYyKBQiMdxzX6hBCvgGMYapH1NwFRUKSL1BPpump": 1781471425.908484, "HT6qhTEcPoDMR3hzyomaFuFB83Hcoo7DPaU2Qn9bpump": 1781474120.4571962, "7yLkBTAzAxDg8r6fpU77zqvkWkq4KmHENq7yBapHpump": 1781474722.8384514, "J4ozfGVtuDYYkWFpCV5n8LYZXpBp8hcpaXJcPeNDpump": 1781480718.9761152, "DNLdJNzFTabGnreXGgVAEhPJ17YbSo9ecN4WyVGrpump": 1781484020.4754868}