{"6dMydAmqtLsMtn9WZQW7stGqs4VkZ79pFPP1vbnApump": 1784288722.7052875, "8TQAPEgP8jcWPeLTiQhFCFtPYwKhpjRvTngoPAmjpump": 1784289028.9972527, "A7WLqws5kE4kau2nLkc6ehXfiARBRnTssuUyMa2Fpump": 1784289631.1563423, "3xrF2p1fUhmy1hoeyN8vY1WnBPeBy9WAK8em8mLUpump": 1784295624.905931, "6weTzoLKhoYGChmkhotrJhNKwZdB8TWBG7XG3qmGpump": 1784298027.5323088}