{"CU3q6mYHYhNvq5sD8jgxaogsQpdgJcpkPa8ctCHwpump": 1781310916.6843576, "HEokmdJyUprjSMZ9PcioMYzrKzLtrhiSyxyAMJwfpump": 1781313916.6550508, "CeL9aMU8Dm7hAu8KRJxPkoq1JLvLzviWbNDwkUDbpump": 1781315719.224431, "AqnguHZGd84foavArWPuUy3y4SFmBLS5McaMDS14pump": 1781324117.9424179}