{"45sFYrN4ZoquYDXeCk2TkSRvnfnfoewXkRDsWatbpump": 1781558124.70324, "2hAaUpYyNWeeNpKwh2vnppwjmj1TKqSyAXUdcW8Ppump": 1781559924.1107905, "HBf4EarsNN16wVYRRbxHz8Y8RrZfBJXmsrasaT9Tpump": 1781561422.4156184, "HUMBMeiULkj4FVqJqyTn7JQJheFmqeuPZMhS9AMuerj3": 1781566828.717823}