{"2kWatFv2qQd1ps3dT355ypSxRmDVc5yMM5eNNYUopump": 1781500226.9415488, "2TqdkbSjzkpKW8rDNKGPiDBkYAxtga4cCzY6WK4Wpump": 1781504717.2499716, "GD6VLFetRd9LKVvsWVXE466WHR1BNmNNFKjRT8Mgpump": 1781505318.5075293, "96ZbDfTMGCpuE4ZSxqq9SK3XaKpXksYqoRx9FYNpump": 1781513421.9555948}