{"Ho2pxwSYCT3PdzTK96b1z8noiFjMxqBTS3qZSMKqpump": 1782729317.1666734, "PDqSePtjwXYaruFX7hdujV9wf4X7Z4fu5d2iVMCpump": 1782737424.8571556, "5ch3j5zB11y2Rfzqa36aEQvNiKBdyEHx88oJceD5bonk": 1782738921.0659, "BTmqy8z85YWsQ33m5oiKTkKhXyuuSr4SnGR7Pdqwpump": 1782741634.319888}