{"6PkDr62LVXDLajbqi2P4PUkxHy5CQsENx3fNXLN4pump": 1784328318.8683727, "TDvCS4vGZEErVuRfhUenzFnyodveAhEQURzwwQ5pump": 1784328918.8176951, "c5Zye8yFd1AGrSJ2mViYgXWa1kgCdCj5RWhen6tpump": 1784330119.1754196, "GEg3E1dPotfUSxEm6ft1NF8dT211YCibHJRcDtGwpump": 1784330719.0921197, "FGeHJHsJvwNPcmPL1Si6vcU7C9TyAQMfXRUozW2Nr4Zw": 1784339118.275727}