{"HZRnhPrEoddCir4thWEaSn1u6As3nxJ3QKB6rHPppump": 1782457226.3411384, "DNQ6KoKjvbZUryc4kJunYnvYnPHbA6sdhQ2gDrbDpump": 1782462316.1419938, "8nV1A94UnmoidK3ujRMmxdgBZzeJTrezz4Hd2nRMpump": 1782467120.515493, "JSe8xojfFPkcjP1xqQGCopfKrwLDb62wx7HMCPLA8Sy": 1782471626.1927688}