{"GwFfMp7pfjVML5dxYPu9YJ3knG7ywrZWJjfNuVx2pump": 1783387243.791778, "BViqYz8zfBgbPBR5eE9B5jZsTPn346GkE1Boirx8pump": 1783390521.3492527, "6mNBeqQJSWoeSx8R46HxGqPFw6DtMRHJE71NGqRCpump": 1783392647.2124102, "7YnzMgUvUjSMs1Xi9rYE4Dz4iV6RDMmuabWPmD21pump": 1783392918.996052, "2LxfJRRo39Ch6y65UMHUdSpdVHaiAYtHNraq563Cpump": 1783395643.6736467, "HBKmnamsDdyjpYEPpuWt6y7PheNvhUAnmFCYQr8epump": 1783397441.2752206, "GiSTEPqLMizAd5Su5Q9PSbMfCAPP5oMqYhshAJ2Gpump": 1783399243.2781177, "8Z3QCZvyuD9zDg2MQ2AUbGPdhKkDwnwdjbYfzQhdpump": 1783400118.1697216}