{"3DMmoaXfisdMU98W5ao5uAw5NYGEGsw7rGg3VpTDpump": 1781302521.5959675, "AZoKrE9trH5XcK5y1jBUqFjuP2GufUHu2ndA1HGcpump": 1781305235.946028, "FLqq9UxGN6jDMdGf3qskaxqB572J2ai1n5pTfukNpump": 1781308829.8640268, "CU3q6mYHYhNvq5sD8jgxaogsQpdgJcpkPa8ctCHwpump": 1781310916.6843576, "HEokmdJyUprjSMZ9PcioMYzrKzLtrhiSyxyAMJwfpump": 1781313916.6550508, "CeL9aMU8Dm7hAu8KRJxPkoq1JLvLzviWbNDwkUDbpump": 1781315719.224431}