{"3CChnMXYAuFfoht6LKGStSbE7FwJcTEbW4JgEp4Jpump": 1783907439.9013894, "F4TnftPoSHihw9TTcz7pkg2t8P6QEHag4yayMVGSpump": 1783918241.2354565}