{"H9FsHqPp876QEtS1bVobUcQoYeihrSFG4ojEBXmCpump": 1783284040.7594028, "B4hwr1FhgHwpPYX68bVYfqH9qsgqs3axzRzwdRJupump": 1783284640.9075372, "HJvNERycZQP6uL5qFEgr7AJLACtR2M38uhej6vSYpump": 1783285248.1260872, "Dt1kcPwhGyzj8o7wFnTZ24BHq1RbQr6eeR3qYb7epump": 1783287639.5854661, "64W4CqYgGzco1Rm5cgHepUWPvqPWWTJ6NRRWwLVGpump": 1783288245.2750556, "HSNd1kqcd9HCS499RvtG3MqrKdkcWZiPNfXk1gHdpump": 1783288849.1791084, "2Q6CRZ4D5xoWDTc28aQV3dyJb9QiTWvX6aWUS2qYpump": 1783292116.4632604, "BRqmaGWbok3FrbqN9ZiEAsYZCpAzBX4WH8wvi7zDpump": 1783293048.7403047, "EYn6tC4LAoshxvFeQmWU5g8hdNeqdssSGdN5vZCWpump": 1783294246.5645795, "FsBsv7svcEwMkioVck7cno14YPmiwnXuR3J91UJ5pump": 1783294246.5645874, "AjvAcdGiLgzBKJXjf7mH5d7ttPmZaG8QmHt7BrFppump": 1783296933.7706034, "B1bNphYd11rfFmbBxHLJDFhZ3zWqwHJ275PxpbeSpump": 1783296933.7706115, "B6MtubZSVPqekiNBmPjFPWRnP1ee4BwCHkmWbsMRpump": 1783297516.4568534, "FVCS67YAujjA9U71Z5bKFTNpSzeVh9p2d9KoMapzpump": 1783297845.354698}