{"H1sQudtq7uxDYZnBeCBNUdDSUEAMUw6JPAzKiayvpump": 1782375320.7468743, "72T6RQLFc7TVn9EGEyR5iZqPFFpGAiZqov5QkzKypump": 1782377122.4332252, "4SE7Bsby4HRGRsNBoXUFWmisQ61n7WJqBKoAM2TQqVxx": 1782383718.284875, "2nes9dPbTWMssKdmoNToZraHnavAnN6rPq2FBHcCpump": 1782389312.428828}