{"BNRA5VFv769VGtb3Yw71Dcfs5dv56kaomtwiXcWMpump": 1784850620.6680145, "EknkqZDCFmCcn7keKVqb26PBJXtxFLgz8qguyaQL1oYK": 1784852728.3036087, "7Xm5xUQsuX162ayqjqBd6z7VDaqyFEA5E5uRzKQSJt28": 1784852728.3036156, "FqG8PWuoj1zeXVG1i13fZSaBhqfNTcVcRfAFvGkqpump": 1784862920.685949}