{"3nTmaNvUd12oEd52rsjc8hZLqSjRm1yoEtCnZBDRpump": 1781366119.216641, "F8Qoq2SZ455PbzHYBAenumJbg4x5dSSkdoU9tXTJpump": 1781367323.2875884, "3bDPRdwiQZKbXBi9wuruMFY4qTBbUGKWrYajMgKspump": 1781367918.7637572, "AjUV8sctwit6woRQchPgDxn1HKpzVEyHajsFgSqDpump": 1781371522.6605754, "2ALnkoVdqAuiBexJRLv1WB6KfcT6yXFpyQWyLKBypump": 1781374519.8885903}