{"J1gB9BVLhxFApuko6MXeYfWXESm3YpidXMfA8GVypump": 1783033238.1839426, "CnqFjUb8Y9fj8DhokJuADKhSz9p2kwbsiujrPeu1pump": 1783033831.190998, "JeA7zwqJGnjN46PkqPJHzSBLwSGsACJC2pMf37d96CY": 1783039228.853577, "BULBzU2i5k9hp4Vh8JgDW8L1fGfskgmoTzMM1Kx7mAho": 1783039228.8535829, "ERBATen21ug99H7p2C21fCim9TQpBBM79QT9VX4Jpump": 1783040118.4607184, "AUvBbyBxZMx9hqMCcZ4ATQDbjiq6H3phx6en1nNxpump": 1783043754.734047, "2M4pzjZ2SLo3Tvt4iQkr9geeov1wrVNioxCr99gKpump": 1783045517.0256479, "amUv3eZ3VmB1va6Ys2fGwizfmmDCo2vn9MZP3YWpump": 1783047636.2582822}