{"F6XrFdjGSPBssfSJ9schibvq5CPnov1eoxyn6Whxpump": 1782662116.2117395, "9P81yPJzLkjeEPVsLrnYzGJy8EEDJc7zCG1FsTzHpump": 1782664520.3296008, "9WEEsmLdrKW6nu1YwvaMkGp7n3gSodFehyddNqe9pump": 1782665720.2101073, "BwAU6gsimrFhJrRcZqKxQJayfnkyyan63WNCJRWYpump": 1782666624.2281656, "GXmQ9zfriV73rCtkASj3aEPzvk63k7JWadGKXRUpump": 1782666920.1625319, "5VWmVAQs3bMyNrZz4cs5nk4oBa8Ta1tVz3ZYcqa8pump": 1782667515.6651387, "DETbWEdC2fb3xSpY4TGRtnopLQSHPDvtuqe33zz7pump": 1782667830.4915848, "5CrjzbLgpE7vVR35vBFSS5AGytCvTcbaoYyRXyWLpump": 1782670521.3260972, "2y89wGwswkxaBoGrZZQMPKGEzwQoxd7TCUaZ1tM4pump": 1782671426.4844866, "zfnpMmPvP8CD37vXefmvrRqfpY51RDC11nMTJwspump": 1782673822.9689524, "9suursDJucKtucW7kNXNs7ErsYU4sJBMsehWjuRppump": 1782674718.4402766, "AMb5JKK2jXdV8zZR3En5tzihmc9jsHU39Pz3347zbonk": 1782675917.85525}