{"36NPw4AbPH8SAyov9SSxX2dLpLuskopc4QtA2gyRpump": 1784548516.6823306, "BEvtAzy9pqrG7WhLD62ZYoMMYj92r7qzvdiYaJRzpump": 1784549119.3259661, "YutNv75gwkhoZKa8tJtAxwmSbfUq9qrBjEcgAMtpump": 1784549718.9530737, "GcgjcMEigVkDaMNDR4Xg97zrTuJwG3TGYZLiG9sXpump": 1784559022.0870242, "4rABHLfm7BDkkjrkyPYtRadg2BZTEZVoEy3MzrFQpump": 1784562323.6078346}