{"EBc6YWysUJsQJh9UayAiyS5j9voLdJUAVQBxzBNtpump": 1781199930.383127, "jAuAs3LxfxeK4vKKGX3JSrYRSrvKY3CyjWT9ApJpump": 1781202927.7481136, "3oza9n1yE7mPsugsB7AjZyeP63CNxqndo8Qwycnspump": 1781205318.9326115, "DrESFkkBLL7Bcx9f1vdGBSAq9Cq8jUeXeoM4uZBZpump": 1781214320.8898604}