{"AHGnx8kuzyKKTecwmoxZtVQ9ySVosMo677dgrBcgpump": 1781834431.776735, "EXXZDh1CzomtLwixWvZ947frkwyMGDygw3CWkeRTpump": 1781847622.538382}