{"4o9ZV5oqicYesQ7hsCfLDtCTENMS7HGJwKPMn7D3pump": 1783847117.3525167, "TJENWrtTRHFAkPoCMtDxSLUd6tHuHiZgpFWiVqVpump": 1783854095.6587772}