{"J4ozfGVtuDYYkWFpCV5n8LYZXpBp8hcpaXJcPeNDpump": 1781480718.9761152, "DNLdJNzFTabGnreXGgVAEhPJ17YbSo9ecN4WyVGrpump": 1781484020.4754868, "7kkQU6AhUadtoszttEKprirvpgBihJHPoHVczebvi7i3": 1781484326.3968349, "C7r7kvYbxrDaf217wMgYY1ZQcjHB8N7MfQLDmx1Rpump": 1781484923.6902418, "4TNkgR5vyn9bcYzfGAGMpdYjnxkwFAZysgHe254zpump": 1781486122.7735066, "HA7YV49VFwZWPuR5P5dfVcrzRfB716vcXzcboaVGpump": 1781491222.5982592}