{"Bsd9kPRkEnCSeBSTyo6uF3Sq1QjXvtm6CwS46QeMpump": 1783530318.9281373, "9aeFsVq9PU4zSHNeivx686wcMUocTCwMEJJxFKJ9pump": 1783532719.4625843, "EQkiF3cgr3Vrtegq6gBUekGRgcfMbwUB22cVFi7ppump": 1783534847.2922933, "8nEfSXKzpocrn4VfacXqEPZEwrhoCb2rTrxNCnC9pump": 1783535121.6186278, "8SeUgHrqNBbvjQP358rdEs8RnCuRNr4uFE7wcfz7vbm7": 1783535453.6275847, "8bs7WmmrBTJLFVEreCwYA7QhuYMMaAgJcTEMFDiGpump": 1783537848.092061}