{"5MeesVjRfJ3nnkESNFjT6y4RyzvN7NX5Qf3mihSUpump": 1783467918.445246, "5ECDHLSRpMiyW9wNY5YVZXUst3xTvngWSLmzYvLFpump": 1783469118.9530432, "4gqUH4qMtkZTjeenrtVmcQXKEYg9aBUC8j2kQao2pump": 1783477848.6544113, "8TvswYoT1CuvbqwFGqb5W69NZZDG2dP4J31koaWSpump": 1783480241.1035318}