{"RRWCLy2ddJzSC7B5wfBEAvEDRtpt8DphkZGYnKJpump": 1783166443.5225935, "4EKJBc4WdeCViLRCfRx5ieFHfPFuBYhV49527GUBpump": 1783170318.5292432, "9vciqoMDquKyjEEtLkenQ4TxSjDEUNxcQdjhHXNHpump": 1783171380.0965214, "FvPVU7LckoszuUrPM55qXj7nQHyY172mV2iNrJMUpump": 1783174236.273814, "4KD16rvaWiAu7F56wUbcTNL17cxD2yKRb9dPzMpQpump": 1783176037.2312114}