{"5NFcUdd5BqSpAS1Us6uiMAf8LoYPEY4TWvxXUr7jpump": 1782567024.8881874, "925gDTbAGb8CSbRxMRNSQH7Z6ydpwamczF1CuBJSpump": 1782567316.6200466, "62yzpmKJB6XiVtZcQZhUkUXhqwN3UgCbffUi4JM9pump": 1782569977.8813548, "9cRCn9rGT8V2imeM2BaKs13yhMEais3ruM3rPvTGpump": 1782569977.881362, "BRUNa9ZehuwjQoMYDU9rfrVEuZhtKLkeVE3E24Jspump": 1782571821.2951133, "7PzEfAdTeqEGnfwmRierNxEACB2Su7KB3wmrzoCfpump": 1782572430.2856815, "8a5bnY4jQEf4VbTttZW18bMW4aR2YgHghPRH3o8Mpump": 1782579628.0403564}