{"EqP41MbGWsB2Gk4gzoMFw39nd6hmWbaaR8u1Udv4pump": 1781233519.6667664, "DY2ZAaZrt27b3PpXjxH8qqDBZwrEoFoSqb83t7VNpump": 1781235919.2665637, "DrESFkkBLL7Bcx9f1vdGBSAq9Cq8jUeXeoM4uZBZpump": 1781239821.0804026, "GoALpf2yseZ6MTMLCZFDjPBheae4ZWzFsnDWgiXVqUvj": 1781240714.8979502, "FLqq9UxGN6jDMdGf3qskaxqB572J2ai1n5pTfukNpump": 1781242818.1809099, "9qpDk7hGSHqyfMGDT7p4zFQ35aGff248Qes48CgLpump": 1781243715.152828, "2UFnJmiiB3M24ZqgC4XYgzPoDhsTH2vyJS7zysPQpump": 1781245823.4849536}