{"2vvw3cSwibzGD6SgW9QzRaBdmjkYrvs218DUy6VWpump": 1783443652.7284997, "8b7rPXZ1owSChKM5iFKnrbgbpR2LvB7dMWQg84ugpump": 1783452649.567715, "8KbNxX1378WoAQK4hzr9uXdgxD2UDMt9WQbaPR14pump": 1783453844.0733895, "CUB9xv5qxBbFbZ2Q7XGieijQrgAZdDRyk7ifpcawpump": 1783454119.0206726, "8BUfajjEqAJnyBTCDQSL4hb5rrAtbMgGLR49yaSbonk": 1783456842.477889, "2rk3wDTdHiPy8GV4UqxMhaVJmXdPTPN9qn6a9FQDpump": 1783457718.6330528}