{"617BQ86GAUdAmGreHaER8Dab3nwzBd1qCGK9M4Lbpump": 1783302639.5162094, "3oJCaaCtL7qUh27jTPqGbvmczV3kiizcvMVsCVG1pump": 1783305045.5566204, "EeMkj81KCkdxuLbDj91bkVUts5Ln7hY8hWN6DJiZpump": 1783308043.1785054, "6baGyq4HLbUn93MQUGFqBktpXP8BRjpoxSsAap4ppump": 1783313718.4481637, "4eKYoR1hBHnRaYyg2d57H36uUatRNyZr1NRP9ScNpump": 1783316440.2964473, "5vE1yh9QGEgNhMGABZhQU93CXYaKzSEKr95AgU8Dpump": 1783316719.0589423}