{"BGF9G8bLX3pgqxdStyopZ1uDHou9akgsVRycithwpump": 1782001518.4717636, "7DoxSStHwaazCMPaNw2uNt7X7uUj8Bvzn2vBYccce1A1": 1782003018.6298635, "EwswnwrzzhFq5wpWMUu7rHhDm8WxpytC3Goim1Jbpump": 1782006916.4200683, "Cm16NYmaASHZL6tKJKvUXAYn3hz8FKuHXgG2RCqcdWMd": 1782008425.0983403, "5gHrDWNnAH7jQmmPEG2qaTozwL9JQ6VCfyWecwZEpump": 1782009922.214602, "4WwFp7LRVHkZiXgywQqhCPcvyi4QLD2tmRPC9zEPpump": 1782011723.0806468, "HkZYytHB3x5msdAiA2CWXzGCErS19WvnpofiuWpdpump": 1782015320.1050746}