{"7JUXLxAzVRgFoWHJV8MUVjcxEaK5d25XLdA9mfc5pump": 1783321519.7198155, "GfpKBcGh6jUhQ6QZZEvzgNrFDU5y5bq49yxr5ADUpump": 1783322719.8519804, "65tKdvLHPVM9ULnV78Hm641hToZhhmJdUyL7YnG1pump": 1783323920.3656182, "FL6L4UYfH9HrmAjPLTRXuayv8ZsveMRZNpfuhyEupump": 1783326318.8155077, "ABDR768zqomnEPkHT4y1p1W3JTsLwpJxRhbSSWKcpump": 1783329321.08321, "Gn29icBddoLpg4M5SakzzVhPcBFfAxH3uY3wMpHLpump": 1783332644.3151705, "7BEPYMVq3X9JFes4JDervkrJQ7TNDeBEd4L1nuGpump": 1783335321.6677675}