{"8a5bnY4jQEf4VbTttZW18bMW4aR2YgHghPRH3o8Mpump": 1782579628.0403564, "AMUoCfq53sNX8PDAQsNqH5ctUZTSSEpA4hajrNXUSrd": 1782585317.0069573, "3i6JXygrsAedj3be2vJxCRqQXhqXq1bPRAXbXJPrpump": 1782587718.3116817, "EubeKu2fPkbTZ2cr4eqmhrwcRhiuvsueyEJTvRxabonk": 1782590431.5049555}